gender,SeniorCitizen,Partner,Dependents,tenure,PhoneService,InternetService,Contract,PaperlessBilling,PaymentMethod,MonthlyCharges,TotalCharges,actual_churn,predicted_churn
Female,0,No,No,3,Yes,Fiber optic,Month-to-month,No,Bank transfer (automatic),74.4,215.8,Yes,Yes
Male,0,No,Yes,69,Yes,DSL,Two year,Yes,Credit card (automatic),79.45,5502.55,No,No
Female,0,Yes,Yes,31,Yes,Fiber optic,Month-to-month,Yes,Electronic check,91.15,2995.45,Yes,No
Male,1,Yes,No,7,Yes,Fiber optic,Month-to-month,Yes,Electronic check,89.0,605.45,No,Yes
Male,1,Yes,No,46,No,DSL,One year,Yes,Bank transfer (automatic),59.9,2816.65,Yes,No
Female,1,No,No,62,Yes,Fiber optic,One year,No,Electronic check,84.45,4959.15,No,No
Female,0,Yes,No,72,Yes,No,Two year,Yes,Bank transfer (automatic),25.25,1841.2,No,No
Female,1,Yes,No,35,Yes,Fiber optic,Month-to-month,Yes,Bank transfer (automatic),100.5,3653.35,Yes,Yes
Male,1,No,No,5,Yes,Fiber optic,Month-to-month,Yes,Electronic check,91.4,449.75,Yes,Yes
Male,0,Yes,Yes,72,Yes,Fiber optic,Two year,Yes,Credit card (automatic),114.05,8468.2,No,No
Male,0,No,No,1,Yes,No,Month-to-month,No,Mailed check,20.6,20.6,Yes,No
Male,0,Yes,Yes,22,Yes,Fiber optic,Month-to-month,No,Bank transfer (automatic),75.0,1573.95,No,No
Male,0,Yes,Yes,71,Yes,DSL,Two year,No,Electronic check,90.35,6325.25,No,No
Female,0,No,No,36,Yes,Fiber optic,One year,Yes,Bank transfer (automatic),104.8,3886.45,No,No
Female,0,No,No,63,Yes,Fiber optic,One year,No,Bank transfer (automatic),99.9,6137.0,Yes,No
Male,0,No,No,9,Yes,Fiber optic,Month-to-month,Yes,Electronic check,80.8,713.1,Yes,Yes
Female,0,No,No,1,Yes,DSL,Month-to-month,Yes,Electronic check,52.2,52.2,Yes,No
Female,1,No,No,9,Yes,Fiber optic,Month-to-month,Yes,Electronic check,90.1,816.8,No,Yes
Male,0,No,No,68,Yes,Fiber optic,One year,No,Electronic check,108.45,7176.55,Yes,No
Male,0,Yes,Yes,10,Yes,No,One year,No,Mailed check,20.45,242.4,No,No
Female,0,Yes,No,54,Yes,DSL,One year,Yes,Credit card (automatic),70.15,3715.65,Yes,No
Female,0,No,No,53,Yes,Fiber optic,Month-to-month,No,Electronic check,90.8,4921.2,No,No
Male,0,No,Yes,9,Yes,No,One year,No,Mailed check,20.1,190.25,No,No
Female,0,No,No,12,Yes,No,One year,No,Mailed check,19.7,260.9,No,No
Male,0,No,No,13,Yes,Fiber optic,Month-to-month,Yes,Mailed check,99.0,1301.7,Yes,Yes
Male,0,Yes,No,22,Yes,DSL,Month-to-month,Yes,Electronic check,54.2,1152.7,Yes,No
Male,0,No,No,26,Yes,Fiber optic,Month-to-month,Yes,Electronic check,83.95,2254.2,Yes,Yes
Male,0,Yes,No,20,Yes,Fiber optic,Month-to-month,Yes,Mailed check,89.0,1820.45,Yes,Yes
Female,0,Yes,Yes,6,Yes,No,Month-to-month,No,Mailed check,19.85,119.3,No,No
Male,0,Yes,Yes,56,Yes,DSL,Two year,Yes,Bank transfer (automatic),59.8,3457.45,No,No
Male,0,Yes,No,3,No,DSL,Month-to-month,Yes,Electronic check,29.9,92.25,No,Yes
Male,0,Yes,No,60,Yes,Fiber optic,Month-to-month,Yes,Bank transfer (automatic),109.45,6572.85,No,No
Female,0,No,No,58,Yes,Fiber optic,One year,Yes,Electronic check,107.75,6332.75,No,No
Female,1,No,No,42,Yes,DSL,Month-to-month,No,Electronic check,55.65,2421.75,No,No
Male,1,No,No,71,Yes,No,Two year,Yes,Mailed check,24.65,1766.75,No,No
Male,0,No,No,12,Yes,DSL,Month-to-month,Yes,Bank transfer (automatic),49.05,593.05,No,No
Male,0,Yes,Yes,52,Yes,Fiber optic,Month-to-month,Yes,Bank transfer (automatic),93.25,4631.7,No,No
Male,0,No,No,49,Yes,Fiber optic,Month-to-month,No,Electronic check,98.7,4920.55,No,No
Female,0,No,No,23,Yes,DSL,One year,Yes,Mailed check,73.75,1756.6,No,No
Male,0,Yes,No,67,Yes,Fiber optic,One year,Yes,Credit card (automatic),100.9,6733.15,No,No
Female,0,No,No,5,Yes,Fiber optic,Month-to-month,No,Electronic check,75.6,402.5,No,Yes
Female,0,Yes,Yes,72,Yes,Fiber optic,Two year,Yes,Bank transfer (automatic),108.3,7679.65,No,No
Male,0,No,No,32,Yes,Fiber optic,Month-to-month,Yes,Electronic check,96.2,3183.4,Yes,Yes
Male,0,Yes,Yes,46,Yes,No,Two year,No,Credit card (automatic),19.75,856.5,No,No
Male,0,No,No,1,Yes,Fiber optic,Month-to-month,Yes,Electronic check,89.55,89.55,Yes,Yes
Male,0,Yes,Yes,4,Yes,No,Month-to-month,Yes,Mailed check,20.5,77.6,No,No
Male,0,No,No,53,Yes,No,Two year,No,Bank transfer (automatic),19.65,978.0,No,No
Female,0,No,No,21,Yes,Fiber optic,Month-to-month,Yes,Electronic check,97.35,2119.5,Yes,Yes
Male,0,No,Yes,1,Yes,DSL,Month-to-month,Yes,Mailed check,49.9,49.9,Yes,No
Female,0,No,No,24,Yes,Fiber optic,Month-to-month,Yes,Credit card (automatic),88.95,2072.75,No,No
Female,0,Yes,Yes,68,No,DSL,Two year,No,Credit card (automatic),60.3,4109.0,No,No
Male,1,Yes,No,72,Yes,DSL,Two year,No,Credit card (automatic),84.45,5899.85,No,No
Female,0,Yes,No,60,Yes,Fiber optic,Month-to-month,Yes,Credit card (automatic),94.1,5475.9,No,No
Male,0,Yes,Yes,13,Yes,No,One year,No,Bank transfer (automatic),24.5,343.6,No,No
Female,0,No,No,1,Yes,DSL,Month-to-month,Yes,Mailed check,50.45,50.45,Yes,No
Female,0,No,No,57,Yes,Fiber optic,Month-to-month,Yes,Bank transfer (automatic),87.55,4884.85,No,No
Male,0,No,No,57,Yes,DSL,Two year,Yes,Bank transfer (automatic),74.35,4317.35,No,No
Male,0,Yes,Yes,72,Yes,No,Two year,No,Bank transfer (automatic),25.0,1738.9,No,No
Male,0,Yes,No,51,Yes,Fiber optic,One year,Yes,Bank transfer (automatic),106.8,5498.8,No,No
Female,0,No,No,34,Yes,DSL,One year,Yes,Mailed check,64.4,2088.75,Yes,No
Male,1,Yes,No,24,Yes,Fiber optic,Month-to-month,Yes,Electronic check,104.25,2433.9,Yes,Yes
Male,0,Yes,Yes,33,Yes,No,One year,Yes,Bank transfer (automatic),19.45,600.25,No,No
Female,0,No,No,68,Yes,No,Two year,No,Credit card (automatic),20.5,1424.9,No,No
Female,0,Yes,No,71,Yes,No,Two year,No,Credit card (automatic),19.85,1379.6,No,No
Male,0,No,No,50,No,DSL,One year,Yes,Mailed check,35.4,1748.9,No,No
Male,0,No,No,3,Yes,Fiber optic,Month-to-month,No,Electronic check,79.25,267.6,Yes,Yes
Male,1,No,No,3,Yes,Fiber optic,Month-to-month,Yes,Electronic check,94.85,335.75,No,Yes
Female,0,Yes,Yes,29,Yes,Fiber optic,Month-to-month,Yes,Credit card (automatic),87.8,2621.75,No,No
Female,0,Yes,No,1,Yes,Fiber optic,Month-to-month,No,Electronic check,78.8,78.8,Yes,Yes
Male,0,No,No,25,Yes,Fiber optic,Month-to-month,Yes,Electronic check,105.5,2686.05,No,Yes
Female,0,Yes,Yes,71,Yes,Fiber optic,Two year,No,Bank transfer (automatic),114.6,8100.25,No,No
Male,0,Yes,No,1,Yes,Fiber optic,Month-to-month,No,Credit card (automatic),75.35,75.35,No,Yes
Female,0,Yes,Yes,69,Yes,Fiber optic,One year,Yes,Bank transfer (automatic),108.75,7493.05,No,No
Female,0,No,No,28,Yes,DSL,Month-to-month,No,Bank transfer (automatic),54.65,1517.5,No,No
Female,0,Yes,No,72,Yes,DSL,Two year,No,Mailed check,85.1,6155.4,No,No
Male,0,No,No,1,Yes,No,Month-to-month,No,Electronic check,20.55,20.55,Yes,No
Female,0,No,No,64,Yes,No,One year,No,Mailed check,24.7,1642.75,No,No
Female,1,Yes,No,47,Yes,DSL,Month-to-month,Yes,Credit card (automatic),67.45,3252.0,No,No
Female,1,Yes,No,50,Yes,Fiber optic,One year,Yes,Electronic check,100.65,5189.75,No,No
Female,0,Yes,Yes,12,Yes,DSL,Month-to-month,Yes,Credit card (automatic),58.35,740.55,No,No
Female,0,No,No,7,Yes,No,Month-to-month,No,Mailed check,20.35,150.6,No,No
Female,0,No,No,4,Yes,DSL,Month-to-month,No,Credit card (automatic),50.7,151.3,Yes,No
Male,1,No,No,16,Yes,Fiber optic,Month-to-month,Yes,Bank transfer (automatic),74.45,1261.35,No,Yes
Male,0,No,No,5,Yes,Fiber optic,Month-to-month,Yes,Electronic check,69.7,316.9,Yes,Yes
Male,0,Yes,No,71,Yes,Fiber optic,Two year,Yes,Bank transfer (automatic),116.1,8310.55,No,No
Female,0,No,No,2,Yes,Fiber optic,Month-to-month,No,Credit card (automatic),74.9,147.15,Yes,Yes
Male,0,No,Yes,29,Yes,No,One year,No,Mailed check,19.85,535.05,No,No
Female,0,No,No,1,Yes,Fiber optic,Month-to-month,No,Electronic check,76.35,76.35,Yes,Yes
Female,0,Yes,Yes,41,No,DSL,One year,No,Credit card (automatic),35.4,1412.4,No,No
Male,0,No,Yes,6,Yes,No,Month-to-month,No,Mailed check,19.55,128.6,No,No
Female,0,Yes,Yes,63,Yes,Fiber optic,One year,Yes,Credit card (automatic),99.65,6311.2,No,No
Female,0,No,No,7,Yes,DSL,Month-to-month,No,Electronic check,61.4,438.9,No,No
Male,1,Yes,No,72,Yes,DSL,Two year,Yes,Credit card (automatic),73.45,5329.0,No,No
Female,0,Yes,No,28,Yes,Fiber optic,Month-to-month,No,Credit card (automatic),89.9,2433.5,No,No
Female,1,No,No,3,Yes,Fiber optic,Month-to-month,No,Mailed check,75.05,202.9,No,Yes
Male,0,No,No,18,No,DSL,Month-to-month,No,Mailed check,25.15,476.8,No,No
Female,0,Yes,Yes,7,Yes,DSL,Month-to-month,No,Electronic check,48.8,349.8,No,No
Male,0,No,No,16,Yes,Fiber optic,Month-to-month,Yes,Credit card (automatic),89.05,1448.6,Yes,Yes
Male,0,No,No,22,Yes,Fiber optic,Month-to-month,Yes,Bank transfer (automatic),101.35,2317.1,Yes,Yes
Male,0,Yes,Yes,6,Yes,No,One year,No,Mailed check,19.45,113.5,No,No
Male,0,No,Yes,1,Yes,Fiber optic,Month-to-month,Yes,Electronic check,93.3,93.3,Yes,Yes
Female,0,Yes,Yes,4,Yes,DSL,Month-to-month,No,Mailed check,56.5,235.1,Yes,No
Male,0,No,No,4,Yes,Fiber optic,Month-to-month,No,Electronic check,77.85,299.2,Yes,Yes
Male,1,No,No,35,Yes,Fiber optic,Month-to-month,Yes,Electronic check,95.45,3474.05,Yes,Yes
Male,0,No,Yes,40,No,DSL,One year,No,Mailed check,40.25,1564.05,No,No
Male,0,No,No,3,Yes,DSL,Month-to-month,No,Mailed check,60.65,196.9,No,No
Female,0,No,No,2,Yes,Fiber optic,Month-to-month,Yes,Electronic check,91.15,168.5,No,Yes
Male,1,No,No,55,Yes,Fiber optic,Month-to-month,Yes,Electronic check,116.5,6382.55,No,Yes
Male,1,Yes,No,2,Yes,Fiber optic,Month-to-month,Yes,Mailed check,86.85,156.35,Yes,Yes
Female,0,No,No,54,Yes,Fiber optic,One year,Yes,Credit card (automatic),100.05,5299.65,No,No
Female,1,Yes,No,70,Yes,Fiber optic,One year,Yes,Bank transfer (automatic),105.55,7195.35,No,No
Female,0,Yes,Yes,35,No,DSL,One year,No,Mailed check,40.9,1383.6,No,No
Male,0,No,No,23,Yes,Fiber optic,Month-to-month,Yes,Electronic check,74.95,1710.45,Yes,Yes
Female,0,No,Yes,15,Yes,No,One year,No,Mailed check,19.65,270.6,No,No
Female,0,No,No,29,Yes,DSL,Month-to-month,Yes,Electronic check,66.1,1912.15,No,No
Female,0,No,No,1,Yes,Fiber optic,Month-to-month,No,Electronic check,68.65,68.65,Yes,Yes
Male,0,No,No,3,Yes,Fiber optic,Month-to-month,Yes,Bank transfer (automatic),105.35,323.25,Yes,Yes
Male,0,No,No,1,No,DSL,Month-to-month,Yes,Mailed check,45.3,45.3,Yes,Yes
Male,0,Yes,Yes,51,Yes,DSL,Two year,No,Credit card (automatic),60.5,3121.45,No,No
Male,0,Yes,No,1,Yes,Fiber optic,Month-to-month,Yes,Electronic check,95.0,95.0,Yes,Yes
Male,0,Yes,No,42,Yes,Fiber optic,Month-to-month,Yes,Bank transfer (automatic),106.15,4512.7,Yes,No
Female,1,No,Yes,1,Yes,Fiber optic,Month-to-month,Yes,Electronic check,71.0,71.0,Yes,Yes
Female,1,Yes,No,26,Yes,Fiber optic,Month-to-month,Yes,Credit card (automatic),85.7,2067.0,No,Yes
Female,0,Yes,No,64,Yes,DSL,Two year,Yes,Mailed check,74.35,4759.55,No,No
Female,1,No,No,46,Yes,Fiber optic,One year,Yes,Bank transfer (automatic),91.3,4126.35,No,No
Male,0,Yes,Yes,8,Yes,DSL,Month-to-month,Yes,Credit card (automatic),51.3,411.6,No,No
Female,0,No,No,42,Yes,DSL,Month-to-month,Yes,Electronic check,49.55,2077.95,No,No
Male,0,No,Yes,1,Yes,Fiber optic,Month-to-month,Yes,Electronic check,71.65,71.65,Yes,Yes
Male,0,Yes,Yes,60,Yes,DSL,One year,Yes,Bank transfer (automatic),65.85,3928.3,No,No
Female,1,No,No,15,Yes,Fiber optic,Month-to-month,Yes,Electronic check,91.5,1400.3,No,Yes
Female,1,No,No,35,Yes,Fiber optic,One year,Yes,Bank transfer (automatic),110.8,3836.3,No,No
Male,0,Yes,No,61,Yes,DSL,One year,Yes,Electronic check,79.8,4914.8,No,No
Male,1,Yes,No,55,Yes,Fiber optic,Two year,Yes,Electronic check,113.6,6292.7,No,No
Female,0,No,No,3,Yes,Fiber optic,Month-to-month,No,Electronic check,95.4,293.15,No,Yes
Male,0,Yes,No,61,Yes,Fiber optic,Month-to-month,No,Bank transfer (automatic),99.4,5943.65,No,No
Male,0,Yes,No,9,Yes,DSL,Month-to-month,Yes,Credit card (automatic),69.05,653.95,No,No
Female,0,No,Yes,25,No,DSL,Two year,No,Bank transfer (automatic),35.05,844.45,No,No
Male,0,Yes,Yes,20,Yes,DSL,Month-to-month,Yes,Electronic check,49.6,939.8,No,No
Male,0,No,No,3,Yes,Fiber optic,Month-to-month,No,Mailed check,75.0,209.1,Yes,Yes
Female,0,No,Yes,17,Yes,Fiber optic,Month-to-month,Yes,Credit card (automatic),92.7,1556.85,No,No
Male,0,No,No,46,Yes,DSL,Month-to-month,Yes,Credit card (automatic),45.2,2065.15,No,No
Male,0,No,Yes,26,No,DSL,One year,Yes,Bank transfer (automatic),39.95,1023.75,No,No
Male,1,Yes,No,24,No,DSL,Month-to-month,No,Bank transfer (automatic),39.1,971.3,Yes,No
Male,0,Yes,Yes,43,Yes,DSL,Two year,Yes,Credit card (automatic),79.15,3566.6,No,No
Male,0,No,No,19,Yes,Fiber optic,Month-to-month,No,Mailed check,89.95,1682.4,No,No
Male,0,Yes,Yes,26,Yes,DSL,One year,Yes,Credit card (automatic),82.0,2083.1,No,No
Male,0,Yes,Yes,25,Yes,DSL,One year,Yes,Bank transfer (automatic),61.6,1611.0,No,No
Female,0,Yes,No,51,Yes,DSL,One year,Yes,Credit card (automatic),78.65,3950.85,No,No
Male,0,Yes,Yes,7,No,DSL,Month-to-month,Yes,Electronic check,34.5,279.25,Yes,Yes
Female,0,Yes,Yes,23,Yes,No,Two year,Yes,Credit card (automatic),25.6,514.75,No,No
Female,0,No,No,1,Yes,DSL,Month-to-month,Yes,Electronic check,50.8,50.8,Yes,No
Female,0,Yes,No,32,Yes,No,One year,No,Mailed check,19.3,593.2,No,No
Male,0,Yes,Yes,42,Yes,No,Two year,No,Mailed check,19.35,867.3,No,No
Male,0,No,No,8,No,DSL,Month-to-month,No,Mailed check,29.35,216.45,No,No
Male,0,Yes,Yes,72,Yes,DSL,Two year,No,Bank transfer (automatic),69.85,5102.35,No,No
Male,0,Yes,No,72,Yes,No,Two year,No,Credit card (automatic),25.75,1864.2,No,No
Female,1,No,No,45,No,DSL,One year,No,Electronic check,34.2,1596.6,No,No
Male,0,No,No,1,Yes,DSL,Month-to-month,No,Electronic check,49.75,49.75,No,No
Male,0,Yes,No,33,Yes,Fiber optic,Month-to-month,No,Electronic check,91.25,2964.05,No,No
Male,0,Yes,Yes,71,Yes,No,Two year,No,Credit card (automatic),19.7,1301.1,No,No
Female,0,No,No,48,Yes,DSL,One year,Yes,Bank transfer (automatic),73.85,3581.4,No,No
Female,0,No,No,4,Yes,Fiber optic,Month-to-month,Yes,Electronic check,85.65,321.65,Yes,Yes
Male,0,Yes,No,71,Yes,DSL,Two year,No,Bank transfer (automatic),54.5,3778.2,No,No
Female,0,No,No,7,Yes,Fiber optic,Month-to-month,Yes,Bank transfer (automatic),78.55,522.95,No,Yes
Male,0,No,No,62,Yes,No,Two year,Yes,Credit card (automatic),20.05,1201.65,No,No
Female,0,Yes,Yes,52,Yes,No,Two year,No,Mailed check,19.35,1031.7,No,No
Male,0,Yes,No,72,Yes,Fiber optic,Two year,No,Bank transfer (automatic),115.15,8349.45,No,No
Male,0,Yes,Yes,10,No,DSL,Two year,No,Credit card (automatic),53.7,521.0,No,No
Female,0,No,No,4,Yes,Fiber optic,Month-to-month,Yes,Electronic check,75.65,302.35,No,Yes
Female,0,Yes,Yes,35,Yes,No,One year,No,Mailed check,19.65,708.8,No,No
Male,0,No,No,7,Yes,Fiber optic,Month-to-month,No,Electronic check,96.2,639.7,No,Yes
Male,0,No,No,3,Yes,No,One year,Yes,Mailed check,19.45,69.25,No,No
Male,0,Yes,Yes,71,Yes,DSL,Two year,Yes,Mailed check,91.25,6589.6,No,No
Female,0,Yes,Yes,46,Yes,Fiber optic,One year,No,Bank transfer (automatic),90.95,4236.6,No,No
Male,0,Yes,No,2,Yes,Fiber optic,Month-to-month,Yes,Electronic check,94.2,167.5,Yes,Yes
Female,1,Yes,Yes,28,No,DSL,Month-to-month,Yes,Electronic check,35.9,973.65,No,No
Female,0,No,No,2,Yes,Fiber optic,Month-to-month,Yes,Electronic check,90.4,168.2,Yes,Yes
Male,0,Yes,Yes,17,Yes,Fiber optic,Month-to-month,No,Electronic check,80.85,1400.85,Yes,No
Male,0,No,No,54,Yes,Fiber optic,Month-to-month,No,Credit card (automatic),89.4,4869.5,No,No
Male,0,Yes,Yes,55,Yes,DSL,Two year,No,Bank transfer (automatic),57.55,3046.4,Yes,No
Female,1,Yes,Yes,11,Yes,Fiber optic,Month-to-month,Yes,Credit card (automatic),78.1,864.85,No,Yes
Male,0,No,No,69,Yes,No,Two year,Yes,Bank transfer (automatic),19.3,1447.9,No,No
Male,0,Yes,Yes,72,Yes,DSL,Two year,Yes,Mailed check,89.4,6376.55,No,No
Female,0,No,No,36,Yes,DSL,One year,Yes,Mailed check,76.35,2606.35,No,No
Male,1,Yes,No,7,Yes,Fiber optic,Month-to-month,Yes,Electronic check,99.25,665.45,Yes,Yes
Male,0,No,No,20,Yes,Fiber optic,Month-to-month,Yes,Bank transfer (automatic),108.2,2203.7,No,Yes
Female,0,Yes,No,48,Yes,DSL,One year,Yes,Electronic check,65.65,3094.65,No,No
Female,0,No,No,1,Yes,No,Month-to-month,Yes,Bank transfer (automatic),20.2,20.2,Yes,No
Male,0,Yes,No,47,Yes,No,Month-to-month,No,Electronic check,25.4,1139.2,No,No
Male,1,No,No,49,Yes,DSL,Two year,No,Credit card (automatic),81.35,4060.9,No,No
Male,0,No,No,66,Yes,DSL,Two year,Yes,Credit card (automatic),74.6,4798.4,No,No
Male,0,No,Yes,10,Yes,No,Month-to-month,No,Credit card (automatic),24.8,223.9,No,No
Female,0,No,No,26,Yes,Fiber optic,One year,Yes,Credit card (automatic),87.15,2274.1,No,No
Male,0,No,No,13,Yes,Fiber optic,Month-to-month,No,Mailed check,98.15,1230.25,Yes,No
Male,0,No,No,19,Yes,Fiber optic,Month-to-month,Yes,Bank transfer (automatic),86.0,1532.45,Yes,No
Male,0,No,No,18,Yes,Fiber optic,One year,Yes,Credit card (automatic),89.6,1633.0,No,No
Female,1,No,No,44,Yes,Fiber optic,One year,No,Credit card (automatic),89.15,3990.75,No,No
Female,0,No,No,18,Yes,Fiber optic,Month-to-month,No,Electronic check,77.8,1358.6,No,Yes
Male,0,No,No,20,Yes,Fiber optic,Month-to-month,Yes,Mailed check,98.55,2031.95,No,Yes
Male,0,No,No,7,Yes,Fiber optic,Month-to-month,Yes,Electronic check,94.1,701.3,No,Yes
Female,0,Yes,Yes,53,Yes,Fiber optic,Month-to-month,Yes,Bank transfer (automatic),108.25,5935.1,No,No
Female,1,Yes,No,50,Yes,Fiber optic,Month-to-month,Yes,Electronic check,71.05,3444.85,Yes,No
Female,0,No,No,47,No,DSL,One year,No,Credit card (automatic),39.65,1798.65,No,No
Female,0,Yes,Yes,23,Yes,Fiber optic,One year,No,Credit card (automatic),81.85,1810.85,No,No
Male,0,No,No,11,No,DSL,One year,Yes,Electronic check,41.6,470.6,Yes,No
Female,1,No,No,2,No,DSL,Month-to-month,Yes,Electronic check,30.4,78.65,Yes,Yes
Female,0,Yes,No,48,No,DSL,Month-to-month,Yes,Bank transfer (automatic),45.3,2145.0,Yes,No
Male,1,No,No,9,Yes,Fiber optic,Month-to-month,Yes,Credit card (automatic),84.4,732.5,Yes,Yes
Female,0,Yes,Yes,72,No,DSL,Two year,No,Credit card (automatic),53.65,3784.0,No,No
Male,0,No,No,42,Yes,Fiber optic,Month-to-month,Yes,Electronic check,100.3,4222.95,No,No
Male,0,Yes,Yes,21,Yes,DSL,One year,No,Mailed check,77.5,1625.0,Yes,No
Male,0,No,No,37,Yes,No,One year,No,Credit card (automatic),20.15,785.75,No,No
Male,1,No,No,1,Yes,DSL,Month-to-month,No,Electronic check,44.0,44.0,No,No
Male,0,No,No,25,Yes,Fiber optic,Month-to-month,No,Electronic check,69.75,1729.35,No,No
Male,0,Yes,Yes,66,Yes,DSL,Two year,No,Mailed check,65.85,4097.05,No,No
Female,0,Yes,No,2,Yes,Fiber optic,Month-to-month,Yes,Electronic check,74.4,139.4,Yes,Yes
Male,0,Yes,Yes,37,Yes,No,One year,No,Credit card (automatic),19.8,677.05,No,No
Male,0,No,No,4,No,DSL,Month-to-month,Yes,Electronic check,44.55,174.3,Yes,Yes
Female,0,No,No,6,Yes,No,Month-to-month,Yes,Mailed check,20.95,109.5,No,No
Male,0,Yes,Yes,69,Yes,Fiber optic,Two year,Yes,Electronic check,99.35,6856.45,No,No
Female,0,Yes,No,7,Yes,DSL,Month-to-month,Yes,Mailed check,44.25,313.45,No,No
Female,0,Yes,No,63,Yes,Fiber optic,One year,Yes,Electronic check,96.0,6109.75,No,No
Male,0,Yes,Yes,39,Yes,Fiber optic,One year,No,Electronic check,100.0,3835.55,No,No
Male,1,Yes,No,59,No,DSL,Two year,Yes,Credit card (automatic),64.05,3886.85,No,No
Female,0,Yes,Yes,35,Yes,DSL,Month-to-month,Yes,Credit card (automatic),59.45,2136.9,No,No
Female,0,Yes,No,46,Yes,Fiber optic,One year,Yes,Electronic check,103.15,4594.65,No,No
Male,0,No,No,71,Yes,DSL,Two year,No,Bank transfer (automatic),80.6,5708.2,No,No
Female,1,No,No,8,Yes,No,Month-to-month,No,Electronic check,19.65,164.3,Yes,No
Male,0,No,No,72,No,DSL,Two year,Yes,Bank transfer (automatic),63.7,4464.8,No,No
Male,0,Yes,Yes,24,Yes,DSL,Month-to-month,Yes,Credit card (automatic),70.3,1706.45,No,No
Male,0,Yes,No,37,Yes,DSL,One year,No,Mailed check,79.25,2911.8,No,No
Male,0,No,No,61,Yes,Fiber optic,Month-to-month,Yes,Electronic check,106.45,6300.15,No,No
Female,0,Yes,Yes,45,No,DSL,One year,No,Bank transfer (automatic),51.0,2264.5,No,No
Female,0,Yes,Yes,61,Yes,DSL,Month-to-month,No,Electronic check,59.8,3641.5,No,No
Male,1,No,No,2,Yes,Fiber optic,Month-to-month,Yes,Electronic check,94.0,181.7,Yes,Yes
Female,0,No,No,42,Yes,DSL,One year,Yes,Bank transfer (automatic),60.15,2421.6,No,No
Female,1,No,No,72,Yes,Fiber optic,Two year,Yes,Bank transfer (automatic),107.4,7748.75,No,No
Female,0,Yes,Yes,72,Yes,Fiber optic,Two year,No,Mailed check,107.45,7576.7,No,No
Female,0,Yes,Yes,11,Yes,DSL,Month-to-month,No,Bank transfer (automatic),51.0,581.7,No,No
Female,1,Yes,No,17,Yes,Fiber optic,Month-to-month,Yes,Bank transfer (automatic),85.35,1463.45,Yes,Yes
Female,1,No,No,3,Yes,Fiber optic,Month-to-month,No,Electronic check,73.85,196.4,No,Yes
Female,0,No,No,53,Yes,Fiber optic,Two year,No,Electronic check,105.55,5682.25,No,No
Male,0,Yes,No,70,Yes,Fiber optic,Two year,Yes,Bank transfer (automatic),98.7,6858.9,No,No
Male,0,Yes,Yes,28,Yes,Fiber optic,One year,No,Electronic check,106.1,2847.4,Yes,No
Female,0,No,No,1,Yes,No,Month-to-month,No,Mailed check,20.5,20.5,No,No
Male,0,Yes,Yes,11,Yes,DSL,Month-to-month,Yes,Bank transfer (automatic),59.65,683.25,No,No
Female,0,No,No,1,Yes,DSL,Month-to-month,No,Electronic check,49.95,49.95,No,No
Female,1,No,No,27,Yes,Fiber optic,Month-to-month,Yes,Electronic check,78.05,2135.5,Yes,Yes
Male,0,No,No,72,No,DSL,Two year,Yes,Credit card (automatic),61.2,4390.25,No,No
Male,1,No,No,68,Yes,Fiber optic,Month-to-month,Yes,Electronic check,95.9,6503.2,No,No
Male,1,No,No,54,Yes,Fiber optic,Month-to-month,Yes,Electronic check,90.05,4931.8,No,No
Female,0,No,No,36,Yes,DSL,One year,Yes,Credit card (automatic),89.65,3348.1,No,No
Male,0,Yes,No,3,No,DSL,Month-to-month,No,Mailed check,25.0,78.25,No,No
Male,0,Yes,Yes,49,Yes,DSL,Month-to-month,No,Credit card (automatic),59.6,2970.3,No,No
Male,0,No,No,4,Yes,Fiber optic,Month-to-month,Yes,Electronic check,80.1,336.15,No,Yes
Male,1,No,Yes,56,Yes,Fiber optic,One year,No,Credit card (automatic),94.8,5264.3,No,No
Male,0,No,No,69,No,DSL,Two year,Yes,Bank transfer (automatic),60.05,4176.7,No,No
Female,0,Yes,Yes,71,Yes,DSL,Two year,No,Credit card (automatic),77.55,5574.35,No,No
Female,0,Yes,No,69,Yes,Fiber optic,Month-to-month,Yes,Bank transfer (automatic),85.4,5869.4,No,No
Female,0,No,No,26,No,DSL,Month-to-month,Yes,Credit card (automatic),50.35,1277.5,No,No
Female,0,No,No,35,Yes,DSL,Month-to-month,No,Electronic check,60.55,1982.6,No,No
Male,0,No,No,51,Yes,No,One year,Yes,Bank transfer (automatic),24.6,1266.4,No,No
Male,0,No,No,7,Yes,No,Month-to-month,No,Electronic check,19.25,112.3,Yes,No
Male,0,No,No,7,Yes,No,Month-to-month,No,Mailed check,23.5,173.0,No,No
Male,1,Yes,No,54,Yes,Fiber optic,Month-to-month,Yes,Credit card (automatic),99.05,5295.7,No,No
Male,0,Yes,Yes,44,No,DSL,Two year,Yes,Credit card (automatic),54.05,2375.2,No,No
Male,1,No,No,6,Yes,DSL,Month-to-month,No,Credit card (automatic),44.7,276.5,No,No
Male,0,Yes,Yes,42,Yes,DSL,One year,No,Electronic check,73.15,3088.25,No,No
Male,1,Yes,No,36,Yes,Fiber optic,Month-to-month,Yes,Electronic check,84.1,3021.6,Yes,Yes
Female,0,No,No,3,Yes,Fiber optic,Month-to-month,Yes,Electronic check,89.45,240.45,Yes,Yes
Female,0,No,No,1,Yes,DSL,Month-to-month,No,Mailed check,45.35,45.35,No,No
Male,0,No,No,2,Yes,Fiber optic,Month-to-month,Yes,Electronic check,69.8,146.65,No,Yes
Female,0,Yes,Yes,18,Yes,DSL,Month-to-month,No,Mailed check,55.95,1082.8,No,No
Male,0,No,No,35,Yes,Fiber optic,One year,Yes,Electronic check,89.2,3251.3,No,No
Female,0,No,No,30,Yes,DSL,Month-to-month,Yes,Mailed check,48.8,1536.75,No,No
Female,0,No,No,5,Yes,No,Month-to-month,Yes,Credit card (automatic),19.65,92.05,No,No
Female,1,No,No,4,Yes,DSL,Month-to-month,No,Mailed check,48.75,179.85,No,No
Male,0,Yes,Yes,34,Yes,Fiber optic,One year,Yes,Bank transfer (automatic),78.95,2647.2,No,No
Male,0,No,No,57,Yes,No,Two year,No,Credit card (automatic),18.8,1094.35,No,No
Male,0,Yes,No,71,Yes,Fiber optic,Two year,Yes,Credit card (automatic),104.15,7365.3,No,No
Female,0,No,No,35,No,DSL,Month-to-month,No,Electronic check,24.15,812.5,No,No
Female,1,Yes,No,27,Yes,DSL,Month-to-month,No,Electronic check,83.85,2310.2,No,No
Female,1,Yes,No,62,Yes,Fiber optic,One year,Yes,Credit card (automatic),97.95,5936.55,No,No
Male,0,No,Yes,39,No,DSL,One year,No,Bank transfer (automatic),45.05,1790.6,No,No
Female,0,Yes,No,72,Yes,Fiber optic,Two year,Yes,Electronic check,110.75,7751.7,No,No
Male,0,Yes,Yes,72,Yes,DSL,Two year,No,Credit card (automatic),88.7,6501.35,No,No
Male,0,Yes,Yes,48,Yes,No,Two year,No,Mailed check,23.55,1173.35,No,No
Female,1,Yes,No,34,Yes,Fiber optic,Month-to-month,Yes,Electronic check,94.25,3217.55,Yes,Yes
Male,0,Yes,No,49,Yes,Fiber optic,One year,Yes,Credit card (automatic),99.25,4920.8,No,No
Male,0,Yes,No,4,Yes,DSL,Month-to-month,No,Mailed check,50.05,179.35,Yes,No
Female,1,Yes,No,66,Yes,Fiber optic,One year,No,Credit card (automatic),104.6,6819.45,No,No
Female,0,No,No,69,Yes,DSL,Two year,Yes,Credit card (automatic),85.35,5897.4,No,No
Male,0,No,No,2,Yes,No,Month-to-month,No,Mailed check,20.25,36.8,No,No
Female,0,No,No,1,Yes,No,Month-to-month,Yes,Mailed check,20.25,20.25,No,No
Male,1,No,No,1,Yes,Fiber optic,Month-to-month,Yes,Electronic check,74.4,74.4,Yes,Yes
Male,0,No,No,13,Yes,Fiber optic,Month-to-month,Yes,Electronic check,79.8,973.45,Yes,Yes
Female,1,No,No,20,Yes,Fiber optic,Month-to-month,Yes,Credit card (automatic),85.8,1727.5,Yes,Yes
Male,0,No,No,71,Yes,No,Two year,Yes,Credit card (automatic),19.9,1355.1,No,No
Female,0,No,No,32,Yes,Fiber optic,One year,Yes,Bank transfer (automatic),109.55,3608.0,No,No
Female,0,Yes,Yes,72,Yes,No,Two year,No,Bank transfer (automatic),24.45,1709.1,No,No
Female,1,No,No,32,Yes,Fiber optic,Month-to-month,Yes,Electronic check,74.4,2276.95,Yes,Yes
Female,0,Yes,No,71,Yes,DSL,Two year,Yes,Bank transfer (automatic),80.45,5662.25,No,No
Female,0,No,No,4,Yes,DSL,Month-to-month,No,Electronic check,55.2,220.65,No,No
Male,0,Yes,Yes,1,Yes,DSL,Month-to-month,Yes,Mailed check,48.75,48.75,No,No
Male,0,Yes,Yes,7,Yes,Fiber optic,Month-to-month,Yes,Electronic check,89.75,608.8,Yes,Yes
Male,0,Yes,Yes,25,Yes,No,Two year,No,Credit card (automatic),25.5,630.6,No,No
Female,1,Yes,No,37,Yes,Fiber optic,Month-to-month,Yes,Electronic check,76.5,2868.15,Yes,Yes
Female,0,No,No,4,Yes,Fiber optic,Month-to-month,Yes,Electronic check,93.5,362.2,Yes,Yes
Male,0,Yes,Yes,4,Yes,DSL,Month-to-month,No,Credit card (automatic),61.45,229.55,Yes,No
Male,0,Yes,Yes,71,Yes,Fiber optic,Two year,No,Credit card (automatic),109.3,7782.85,No,No
Female,0,No,No,15,Yes,DSL,Month-to-month,Yes,Mailed check,48.8,720.1,No,No
Male,0,No,No,1,Yes,No,Month-to-month,No,Electronic check,20.65,20.65,No,No
Female,0,Yes,Yes,25,Yes,No,Two year,Yes,Mailed check,18.7,383.65,No,No
Male,0,No,No,50,Yes,No,One year,No,Credit card (automatic),20.15,989.05,No,No
Male,1,No,No,2,Yes,DSL,Month-to-month,No,Mailed check,44.95,85.15,Yes,No
Female,0,No,No,34,Yes,DSL,One year,No,Mailed check,55.0,1885.15,No,No
Female,0,Yes,No,64,Yes,Fiber optic,Two year,Yes,Bank transfer (automatic),99.0,6375.8,No,No
Male,0,No,Yes,2,Yes,No,Month-to-month,No,Mailed check,19.25,48.35,No,No
Female,1,No,No,7,Yes,Fiber optic,Month-to-month,Yes,Electronic check,89.15,574.35,No,Yes
Female,0,Yes,No,64,Yes,DSL,Two year,Yes,Mailed check,81.3,5129.3,No,No
Male,0,Yes,Yes,56,Yes,No,Two year,No,Bank transfer (automatic),24.15,1402.25,No,No
Male,1,Yes,Yes,65,Yes,Fiber optic,Month-to-month,Yes,Electronic check,85.75,5688.45,No,No
Female,0,No,Yes,22,Yes,No,Month-to-month,Yes,Electronic check,20.55,469.85,No,No
Female,0,Yes,Yes,48,Yes,Fiber optic,One year,Yes,Credit card (automatic),103.25,5037.55,Yes,No
Female,0,No,No,1,Yes,DSL,Month-to-month,Yes,Bank transfer (automatic),49.95,49.95,Yes,No
Male,0,No,No,12,Yes,Fiber optic,Month-to-month,Yes,Electronic check,106.7,1253.9,Yes,Yes
Female,0,No,No,9,Yes,Fiber optic,Month-to-month,No,Electronic check,94.4,857.25,Yes,Yes
Female,0,No,No,9,Yes,Fiber optic,Month-to-month,Yes,Mailed check,88.4,788.6,No,Yes
Male,0,No,No,1,Yes,No,Month-to-month,No,Mailed check,19.45,19.45,No,No
Male,0,No,No,52,Yes,No,Two year,No,Mailed check,19.65,1025.05,No,No
Female,0,No,No,8,Yes,DSL,Month-to-month,No,Mailed check,44.45,369.3,No,No
Male,1,No,No,17,Yes,DSL,Month-to-month,Yes,Electronic check,45.05,770.6,Yes,No
Male,0,No,No,1,Yes,No,Month-to-month,No,Mailed check,19.4,19.4,Yes,No
Female,0,Yes,No,68,Yes,DSL,Two year,No,Credit card (automatic),70.9,4911.35,No,No
Female,1,No,No,6,Yes,No,Month-to-month,No,Bank transfer (automatic),19.5,106.8,No,No
Male,0,Yes,No,65,Yes,Fiber optic,Month-to-month,Yes,Electronic check,104.25,6812.95,No,No
Male,0,Yes,Yes,59,Yes,No,Two year,No,Mailed check,19.85,1188.25,No,No
Female,0,No,No,22,Yes,Fiber optic,Month-to-month,Yes,Electronic check,89.05,1886.25,No,Yes
Male,0,Yes,Yes,29,Yes,DSL,Month-to-month,Yes,Mailed check,60.2,1834.15,No,No
Male,0,No,Yes,1,Yes,DSL,Month-to-month,Yes,Electronic check,50.05,50.05,No,No
Male,0,Yes,Yes,5,Yes,Fiber optic,Month-to-month,Yes,Mailed check,90.35,434.5,No,Yes
Male,0,Yes,Yes,1,Yes,Fiber optic,Month-to-month,Yes,Electronic check,74.5,74.5,Yes,Yes
Male,0,Yes,Yes,46,Yes,DSL,One year,No,Mailed check,56.9,2560.1,No,No
Female,0,Yes,No,51,Yes,Fiber optic,One year,Yes,Electronic check,98.85,4947.55,No,No
Male,0,Yes,No,11,Yes,No,One year,Yes,Mailed check,20.55,184.95,No,No
Female,0,No,Yes,15,Yes,Fiber optic,Month-to-month,No,Bank transfer (automatic),69.0,994.8,Yes,No
Female,0,Yes,Yes,22,Yes,Fiber optic,Month-to-month,Yes,Bank transfer (automatic),75.8,1615.1,No,No
Female,0,Yes,No,64,Yes,Fiber optic,Two year,Yes,Bank transfer (automatic),105.4,6794.75,No,No
Male,0,No,No,23,Yes,Fiber optic,Month-to-month,Yes,Electronic check,81.0,1917.1,Yes,Yes
Male,0,Yes,Yes,72,Yes,No,Two year,No,Bank transfer (automatic),24.3,1643.25,No,No
Female,0,No,No,15,Yes,DSL,Month-to-month,No,Electronic check,58.95,955.15,No,No
Male,1,No,No,67,Yes,Fiber optic,Two year,Yes,Credit card (automatic),116.1,7839.85,No,No
Male,0,No,No,1,Yes,No,Month-to-month,Yes,Mailed check,20.45,20.45,No,No
Male,0,Yes,Yes,6,Yes,DSL,Month-to-month,Yes,Mailed check,55.3,324.25,Yes,No
Female,1,No,No,11,Yes,Fiber optic,Month-to-month,Yes,Credit card (automatic),84.8,906.85,Yes,Yes
Male,0,No,No,32,Yes,Fiber optic,Month-to-month,Yes,Bank transfer (automatic),80.35,2596.15,Yes,No
Male,0,No,No,27,Yes,No,Two year,No,Credit card (automatic),19.85,470.0,No,No
Female,0,No,No,36,Yes,No,One year,Yes,Bank transfer (automatic),19.25,679.8,No,No
Male,0,No,No,13,Yes,Fiber optic,Month-to-month,Yes,Electronic check,83.2,1060.6,Yes,Yes
Male,1,No,No,19,Yes,Fiber optic,Month-to-month,Yes,Electronic check,79.85,1471.75,Yes,Yes
Male,1,Yes,No,57,Yes,Fiber optic,Month-to-month,Yes,Electronic check,89.85,4925.35,No,No
Male,0,Yes,Yes,43,Yes,Fiber optic,One year,Yes,Credit card (automatic),104.3,4451.85,No,No
Male,1,No,No,7,No,DSL,Month-to-month,Yes,Electronic check,44.4,265.8,No,Yes
Male,0,Yes,No,72,Yes,Fiber optic,Two year,Yes,Electronic check,109.65,7880.25,No,No
Female,1,Yes,No,24,No,DSL,Month-to-month,Yes,Credit card (automatic),40.65,933.3,Yes,No
Male,0,Yes,No,52,No,DSL,Month-to-month,Yes,Electronic check,39.9,2020.9,No,No
Female,0,No,No,39,Yes,No,Two year,No,Credit card (automatic),20.7,762.45,No,No
Male,0,No,No,52,Yes,Fiber optic,One year,No,Electronic check,91.25,4738.3,No,No
Male,0,No,No,2,Yes,Fiber optic,Month-to-month,Yes,Electronic check,79.85,152.45,Yes,Yes
Male,0,Yes,Yes,67,Yes,Fiber optic,One year,Yes,Electronic check,111.3,7482.1,Yes,No
Male,0,Yes,Yes,57,Yes,No,One year,No,Mailed check,19.4,1061.6,No,No
Female,0,No,No,2,Yes,Fiber optic,Month-to-month,Yes,Electronic check,85.7,169.8,Yes,Yes
Male,0,Yes,No,56,Yes,Fiber optic,One year,Yes,Electronic check,80.9,4557.5,No,No
Female,1,No,No,37,Yes,Fiber optic,Month-to-month,Yes,Electronic check,96.55,3580.3,Yes,Yes
Female,0,Yes,Yes,72,Yes,Fiber optic,Two year,Yes,Credit card (automatic),109.5,7854.9,No,No
Female,0,Yes,No,72,Yes,No,Two year,No,Bank transfer (automatic),25.65,1887.0,No,No
Male,0,Yes,Yes,37,Yes,DSL,Two year,Yes,Credit card (automatic),62.8,2278.75,No,No
Female,0,Yes,Yes,6,Yes,Fiber optic,Month-to-month,Yes,Mailed check,94.05,518.75,No,Yes
Male,0,No,No,18,Yes,Fiber optic,Month-to-month,Yes,Credit card (automatic),90.7,1597.25,Yes,Yes
Female,0,Yes,Yes,13,Yes,DSL,Month-to-month,No,Electronic check,55.95,734.35,Yes,No
Female,1,No,No,22,Yes,Fiber optic,Month-to-month,No,Electronic check,81.7,1820.9,No,Yes
Female,0,No,No,60,Yes,No,Two year,No,Bank transfer (automatic),19.85,1128.1,No,No
Female,0,Yes,No,54,Yes,Fiber optic,One year,No,Bank transfer (automatic),106.55,5763.3,Yes,No
Male,0,No,No,1,Yes,Fiber optic,Month-to-month,Yes,Electronic check,70.35,70.35,No,Yes
Female,0,Yes,Yes,24,Yes,No,Two year,No,Mailed check,19.7,452.55,No,No
Male,0,No,No,4,Yes,Fiber optic,Month-to-month,Yes,Bank transfer (automatic),72.2,305.55,Yes,Yes
Male,0,Yes,No,70,Yes,No,Two year,No,Bank transfer (automatic),24.25,1724.15,No,No
Female,0,Yes,No,71,Yes,No,Two year,No,Credit card (automatic),19.1,1372.45,No,No
Male,1,Yes,Yes,71,Yes,DSL,One year,Yes,Bank transfer (automatic),72.9,5139.65,No,No
Male,0,Yes,No,47,Yes,No,One year,No,Bank transfer (automatic),19.9,942.95,No,No
Male,0,No,Yes,52,Yes,DSL,Two year,Yes,Mailed check,85.15,4461.85,No,No
Male,0,Yes,Yes,20,Yes,Fiber optic,Month-to-month,Yes,Electronic check,90.2,1776.55,Yes,Yes
Female,0,Yes,Yes,7,Yes,No,Two year,No,Mailed check,19.85,144.15,No,No
Female,1,No,No,37,Yes,Fiber optic,Month-to-month,Yes,Bank transfer (automatic),106.75,4056.75,Yes,Yes
Female,0,Yes,Yes,23,Yes,Fiber optic,Month-to-month,Yes,Credit card (automatic),75.3,1702.9,No,No
Female,0,No,No,1,Yes,Fiber optic,Month-to-month,Yes,Electronic check,70.25,70.25,No,Yes
Male,0,No,No,66,No,DSL,One year,No,Credit card (automatic),29.45,1983.15,No,No
Male,1,No,No,14,Yes,Fiber optic,Month-to-month,No,Credit card (automatic),90.45,1266.1,Yes,Yes
Male,1,No,No,55,No,DSL,Month-to-month,Yes,Electronic check,44.85,2479.05,No,No
Female,0,Yes,Yes,30,Yes,No,Two year,No,Mailed check,19.3,602.9,No,No
Female,0,Yes,Yes,62,Yes,DSL,One year,No,Credit card (automatic),54.75,3425.35,No,No
Female,0,No,No,41,No,DSL,Month-to-month,Yes,Electronic check,40.35,1677.85,No,No
Male,0,No,Yes,14,Yes,No,Month-to-month,No,Mailed check,19.95,268.4,No,No
Female,0,Yes,Yes,13,Yes,Fiber optic,Month-to-month,No,Electronic check,88.35,1222.8,Yes,Yes
Male,1,Yes,Yes,34,Yes,Fiber optic,Month-to-month,Yes,Electronic check,108.9,3625.2,No,Yes
Female,0,Yes,No,71,Yes,Fiber optic,Two year,Yes,Bank transfer (automatic),105.15,7555.0,No,No
Female,0,Yes,Yes,71,Yes,Fiber optic,Two year,Yes,Credit card (automatic),95.75,6849.4,No,No
Female,0,Yes,No,72,Yes,Fiber optic,One year,No,Credit card (automatic),109.15,7789.6,No,No
Female,0,Yes,Yes,71,Yes,No,Two year,No,Credit card (automatic),19.9,1397.3,No,No
Female,1,No,No,37,Yes,Fiber optic,Month-to-month,Yes,Electronic check,76.25,2841.55,Yes,Yes
Male,0,Yes,No,68,Yes,No,Two year,No,Credit card (automatic),25.05,1629.2,No,No
Male,0,Yes,Yes,55,Yes,DSL,Two year,Yes,Credit card (automatic),55.25,3119.9,No,No
Female,0,Yes,No,56,Yes,Fiber optic,Two year,No,Bank transfer (automatic),103.2,5744.35,No,No
Female,0,No,No,68,Yes,Fiber optic,Two year,No,Credit card (automatic),110.25,7279.35,No,No
Male,0,Yes,Yes,19,Yes,No,Month-to-month,No,Mailed check,20.6,414.95,No,No
Female,0,Yes,Yes,14,Yes,Fiber optic,Month-to-month,No,Electronic check,70.2,1046.5,No,No
Male,0,Yes,Yes,72,Yes,Fiber optic,Two year,Yes,Credit card (automatic),107.7,7919.8,No,No
Male,0,No,No,10,Yes,No,One year,No,Mailed check,19.5,225.85,No,No
Female,0,Yes,No,69,Yes,No,Two year,No,Bank transfer (automatic),24.25,1641.8,No,No
Female,1,No,No,42,Yes,Fiber optic,Month-to-month,Yes,Bank transfer (automatic),104.75,4323.45,Yes,No
Male,0,No,No,2,Yes,Fiber optic,Month-to-month,Yes,Electronic check,80.95,171.15,Yes,Yes
Male,1,Yes,No,23,Yes,Fiber optic,Month-to-month,Yes,Electronic check,90.0,2024.1,No,Yes
Male,0,Yes,Yes,67,Yes,No,Two year,No,Bank transfer (automatic),24.65,1620.45,No,No
Male,0,No,No,49,Yes,DSL,Two year,Yes,Bank transfer (automatic),66.15,3199.0,No,No
Female,0,No,Yes,2,Yes,Fiber optic,Month-to-month,Yes,Bank transfer (automatic),94.2,193.8,Yes,Yes
Male,0,No,No,56,Yes,DSL,One year,Yes,Bank transfer (automatic),75.75,4284.65,No,No
Female,0,Yes,No,17,Yes,Fiber optic,Month-to-month,No,Electronic check,92.6,1579.7,No,Yes
Male,0,No,Yes,1,Yes,Fiber optic,Month-to-month,No,Bank transfer (automatic),69.75,69.75,Yes,No
Female,0,No,No,3,Yes,No,Month-to-month,Yes,Mailed check,19.6,59.75,Yes,No
Male,0,No,No,4,Yes,Fiber optic,Month-to-month,Yes,Electronic check,76.05,318.9,Yes,Yes
Female,0,Yes,Yes,29,Yes,No,Two year,No,Mailed check,26.1,692.55,No,No
Female,0,No,No,10,No,DSL,Month-to-month,No,Mailed check,29.75,301.9,No,No
Male,0,Yes,Yes,25,Yes,No,Month-to-month,Yes,Mailed check,19.15,477.6,No,No
Male,0,Yes,No,70,Yes,No,Two year,No,Credit card (automatic),19.85,1433.8,No,No
Female,0,No,No,12,Yes,No,Month-to-month,No,Mailed check,19.45,246.25,No,No
Male,0,No,No,1,Yes,DSL,Month-to-month,Yes,Mailed check,50.15,50.15,No,No
Female,1,No,No,30,Yes,Fiber optic,Month-to-month,No,Credit card (automatic),91.7,2758.15,Yes,No
Male,0,Yes,Yes,67,Yes,Fiber optic,One year,Yes,Electronic check,105.4,6989.45,No,No
Female,1,No,No,44,Yes,DSL,One year,No,Bank transfer (automatic),74.85,3268.05,No,No
Male,0,Yes,Yes,35,Yes,DSL,Two year,Yes,Credit card (automatic),69.15,2490.15,No,No
Female,0,Yes,Yes,22,Yes,DSL,One year,Yes,Bank transfer (automatic),69.5,1498.2,Yes,No
Female,1,Yes,No,58,Yes,Fiber optic,Month-to-month,Yes,Bank transfer (automatic),100.4,5749.8,No,No
Male,1,No,No,46,Yes,Fiber optic,Month-to-month,No,Electronic check,85.0,3969.4,Yes,No
Female,1,No,No,15,Yes,Fiber optic,Month-to-month,Yes,Credit card (automatic),75.3,1147.45,Yes,Yes
Female,0,No,No,17,Yes,No,Month-to-month,No,Mailed check,24.8,475.25,No,No
Male,0,Yes,Yes,25,Yes,No,One year,No,Electronic check,19.9,505.45,No,No
Male,0,Yes,No,43,Yes,DSL,One year,Yes,Electronic check,80.2,3581.6,No,No
Male,0,Yes,Yes,70,Yes,DSL,One year,No,Bank transfer (automatic),78.35,5445.95,No,No
Female,0,Yes,No,1,No,DSL,Month-to-month,Yes,Electronic check,24.8,24.8,Yes,Yes
Male,0,No,No,9,Yes,Fiber optic,Month-to-month,Yes,Electronic check,76.25,684.85,No,Yes
Female,1,No,No,8,Yes,Fiber optic,Month-to-month,Yes,Electronic check,75.75,606.25,Yes,Yes
Male,1,No,No,27,Yes,Fiber optic,Month-to-month,Yes,Electronic check,81.45,2122.05,Yes,Yes
Male,0,Yes,Yes,48,Yes,No,Two year,No,Bank transfer (automatic),26.3,1245.05,No,No
Female,0,No,No,1,Yes,Fiber optic,Month-to-month,No,Electronic check,71.35,71.35,Yes,Yes
Female,1,No,No,34,No,DSL,Month-to-month,Yes,Electronic check,56.25,1765.95,No,No
Female,0,Yes,No,36,Yes,Fiber optic,Month-to-month,No,Electronic check,80.4,2937.65,No,No
Female,1,Yes,No,20,Yes,Fiber optic,One year,Yes,Bank transfer (automatic),91.0,1859.5,No,No
Female,1,No,No,50,Yes,Fiber optic,Month-to-month,Yes,Electronic check,83.4,4113.7,No,No
Male,0,Yes,Yes,72,No,DSL,Two year,Yes,Bank transfer (automatic),65.65,4664.5,No,No
Female,1,Yes,No,25,Yes,Fiber optic,Month-to-month,Yes,Electronic check,69.3,1813.1,No,Yes
Male,0,No,No,51,Yes,DSL,One year,Yes,Credit card (automatic),81.15,4126.2,No,No
Female,0,No,No,1,Yes,DSL,Month-to-month,Yes,Mailed check,45.4,45.4,Yes,No
Female,1,No,No,1,No,DSL,Month-to-month,No,Mailed check,25.05,25.05,Yes,Yes
Male,0,No,No,39,Yes,Fiber optic,One year,No,Credit card (automatic),81.4,3213.75,No,No
Male,0,Yes,Yes,59,Yes,DSL,One year,No,Credit card (automatic),76.75,4541.9,No,No
Female,1,Yes,No,70,Yes,Fiber optic,Two year,Yes,Electronic check,113.65,7714.65,No,No
Male,0,No,No,58,Yes,No,Two year,Yes,Credit card (automatic),24.45,1513.6,No,No
Male,0,No,No,6,Yes,Fiber optic,Month-to-month,Yes,Electronic check,74.9,469.8,Yes,Yes
Female,0,No,No,7,Yes,Fiber optic,One year,Yes,Mailed check,94.05,633.45,No,No
Male,0,Yes,No,72,Yes,No,Two year,No,Credit card (automatic),25.85,1872.2,No,No
Female,0,Yes,Yes,48,Yes,No,Two year,No,Mailed check,20.0,935.9,No,No
Female,0,Yes,Yes,64,Yes,DSL,One year,Yes,Bank transfer (automatic),53.85,3399.85,No,No
Male,0,Yes,No,42,Yes,Fiber optic,One year,Yes,Electronic check,108.3,4586.15,No,No
Female,1,No,No,14,Yes,Fiber optic,Month-to-month,Yes,Bank transfer (automatic),80.35,1058.1,No,Yes
Female,0,Yes,Yes,56,Yes,No,Two year,Yes,Credit card (automatic),19.8,1119.9,No,No
Male,0,No,No,9,Yes,Fiber optic,Month-to-month,Yes,Credit card (automatic),99.3,918.75,No,Yes
Male,0,Yes,No,63,Yes,No,Two year,Yes,Bank transfer (automatic),19.95,1234.8,No,No
Male,0,Yes,Yes,65,Yes,No,Two year,No,Credit card (automatic),24.75,1715.1,No,No
Male,0,No,No,41,Yes,No,Month-to-month,Yes,Bank transfer (automatic),25.25,996.45,No,No
Female,0,No,Yes,35,Yes,No,One year,Yes,Credit card (automatic),20.1,644.5,No,No
Male,0,Yes,No,61,Yes,DSL,Two year,Yes,Mailed check,69.9,4226.7,No,No
Female,0,Yes,Yes,61,Yes,Fiber optic,Month-to-month,Yes,Electronic check,99.15,6010.05,Yes,No
Male,0,Yes,No,24,Yes,No,Two year,No,Mailed check,19.75,483.15,No,No
Male,0,No,No,62,Yes,Fiber optic,One year,Yes,Bank transfer (automatic),92.3,5731.45,No,No
Male,0,Yes,No,71,Yes,Fiber optic,Two year,Yes,Credit card (automatic),108.55,7616.0,No,No
Female,0,Yes,No,50,Yes,DSL,One year,No,Bank transfer (automatic),75.7,3876.2,No,No
Male,0,No,No,50,Yes,No,Two year,No,Bank transfer (automatic),24.9,1195.25,No,No
Female,0,No,Yes,9,Yes,Fiber optic,Month-to-month,No,Bank transfer (automatic),93.0,870.25,No,No
Female,0,No,No,5,Yes,Fiber optic,Month-to-month,Yes,Mailed check,85.3,420.45,No,Yes
Male,1,Yes,No,6,Yes,Fiber optic,Month-to-month,Yes,Electronic check,95.75,573.75,Yes,Yes
Male,0,Yes,Yes,49,Yes,Fiber optic,Month-to-month,Yes,Electronic check,99.8,4872.45,Yes,No
Female,0,No,No,2,Yes,Fiber optic,Month-to-month,No,Electronic check,70.35,139.25,No,Yes
Female,0,No,No,12,Yes,Fiber optic,Month-to-month,Yes,Electronic check,79.8,1001.2,No,Yes
Male,0,No,No,63,Yes,No,Two year,No,Mailed check,25.25,1559.3,No,No
Female,0,Yes,Yes,30,Yes,No,Two year,No,Mailed check,19.7,599.25,No,No
Male,0,Yes,No,15,Yes,No,One year,No,Mailed check,18.8,294.95,No,No
Female,0,No,No,1,Yes,Fiber optic,Month-to-month,No,Electronic check,75.3,75.3,Yes,Yes
Female,0,Yes,No,1,Yes,Fiber optic,Month-to-month,Yes,Bank transfer (automatic),79.35,79.35,Yes,Yes
Male,0,Yes,Yes,17,Yes,No,Two year,Yes,Mailed check,25.15,412.6,No,No
Male,0,No,No,31,Yes,Fiber optic,Month-to-month,Yes,Electronic check,80.45,2429.1,No,No
Male,0,No,No,27,Yes,No,One year,No,Bank transfer (automatic),20.1,562.6,No,No
Female,0,No,No,2,Yes,Fiber optic,Month-to-month,Yes,Mailed check,74.9,136.05,No,Yes
Male,0,No,No,8,Yes,Fiber optic,Month-to-month,Yes,Electronic check,94.0,773.65,Yes,Yes
Male,0,Yes,Yes,38,Yes,Fiber optic,Month-to-month,Yes,Credit card (automatic),101.15,3956.7,No,No
Female,0,Yes,No,38,Yes,Fiber optic,Month-to-month,Yes,Electronic check,105.0,4026.4,Yes,Yes
Male,0,Yes,No,13,Yes,DSL,Month-to-month,Yes,Electronic check,65.85,902.25,No,No
Male,0,No,No,37,Yes,Fiber optic,Month-to-month,Yes,Mailed check,70.35,2552.9,No,No
Female,1,Yes,No,50,Yes,Fiber optic,Month-to-month,No,Bank transfer (automatic),108.75,5431.9,No,No
Male,0,No,No,24,Yes,Fiber optic,Month-to-month,Yes,Bank transfer (automatic),99.65,2404.85,No,Yes
Male,1,Yes,No,16,Yes,Fiber optic,Month-to-month,Yes,Credit card (automatic),74.3,1178.25,Yes,Yes
Female,0,Yes,Yes,14,Yes,No,Two year,No,Mailed check,18.8,255.55,No,No
Male,0,No,No,13,Yes,DSL,Month-to-month,Yes,Mailed check,50.55,610.75,No,No
Female,0,Yes,Yes,62,Yes,Fiber optic,One year,Yes,Electronic check,110.8,6840.95,No,No
Female,0,No,No,5,Yes,Fiber optic,Month-to-month,Yes,Mailed check,93.9,486.85,Yes,Yes
Male,0,Yes,No,43,Yes,DSL,Month-to-month,No,Bank transfer (automatic),66.25,2907.35,No,No
Male,1,No,No,52,No,DSL,Month-to-month,Yes,Electronic check,49.15,2550.9,Yes,No
Female,0,No,No,23,Yes,No,Month-to-month,Yes,Bank transfer (automatic),20.3,470.6,No,No
Female,0,No,Yes,21,No,DSL,Two year,No,Mailed check,53.15,1183.2,No,No
Male,0,No,No,67,Yes,DSL,Two year,No,Bank transfer (automatic),50.55,3260.1,No,No
Female,0,Yes,Yes,65,Yes,DSL,Two year,Yes,Bank transfer (automatic),82.5,5215.1,No,No
Female,0,Yes,Yes,67,No,DSL,Two year,No,Bank transfer (automatic),36.15,2434.45,No,No
Male,0,No,No,71,No,DSL,Two year,No,Bank transfer (automatic),53.95,3888.65,No,No
Female,0,Yes,No,21,No,DSL,Month-to-month,No,Electronic check,28.5,629.35,No,No
Male,0,No,No,29,Yes,Fiber optic,Month-to-month,Yes,Electronic check,84.9,2516.2,No,Yes
Male,0,Yes,Yes,37,No,DSL,One year,Yes,Electronic check,40.2,1525.35,No,No
Female,0,No,No,1,Yes,DSL,Month-to-month,No,Mailed check,45.95,45.95,Yes,No
Male,0,No,No,10,Yes,DSL,Month-to-month,Yes,Credit card (automatic),45.8,436.2,No,No
Male,0,No,No,4,Yes,No,Month-to-month,Yes,Mailed check,19.95,59.25,No,No
Male,0,No,No,5,Yes,No,Month-to-month,No,Bank transfer (automatic),20.65,93.55,No,No
Female,1,No,No,14,No,DSL,Two year,No,Mailed check,39.7,692.35,No,No
Male,0,No,No,1,Yes,No,Month-to-month,No,Mailed check,20.1,20.1,Yes,No
Male,0,Yes,No,22,Yes,Fiber optic,Month-to-month,Yes,Bank transfer (automatic),87.0,1850.65,No,No
Female,0,Yes,Yes,24,No,DSL,One year,No,Electronic check,57.6,1367.75,No,No
Female,0,No,No,4,Yes,Fiber optic,One year,Yes,Electronic check,105.65,443.9,Yes,Yes
Female,0,Yes,No,72,Yes,Fiber optic,Two year,Yes,Bank transfer (automatic),110.45,7982.5,No,No
Male,0,Yes,No,1,Yes,DSL,Month-to-month,No,Mailed check,55.7,55.7,No,No
Female,0,No,No,1,Yes,Fiber optic,Month-to-month,Yes,Electronic check,70.25,70.25,Yes,Yes
Female,0,Yes,No,55,Yes,DSL,One year,Yes,Credit card (automatic),66.05,3462.1,No,No
Male,0,No,No,25,Yes,DSL,Month-to-month,No,Bank transfer (automatic),81.75,2028.8,No,No
Male,0,Yes,Yes,72,Yes,Fiber optic,Two year,Yes,Credit card (automatic),97.75,6991.6,No,No
Male,0,No,No,1,Yes,Fiber optic,Month-to-month,Yes,Mailed check,74.25,74.25,Yes,Yes
Male,0,No,No,8,Yes,Fiber optic,Month-to-month,Yes,Electronic check,74.85,572.45,No,Yes
Male,0,Yes,Yes,36,Yes,DSL,One year,Yes,Credit card (automatic),63.7,2188.5,No,No
Female,1,Yes,No,53,Yes,Fiber optic,One year,Yes,Electronic check,94.0,4871.45,No,No
Male,0,No,No,1,No,DSL,Month-to-month,Yes,Electronic check,35.55,35.55,Yes,Yes
Female,0,No,No,15,Yes,DSL,Month-to-month,Yes,Mailed check,55.7,899.8,Yes,No
Female,0,Yes,Yes,28,Yes,Fiber optic,Month-to-month,Yes,Electronic check,81.05,2227.1,Yes,No
Female,0,No,No,39,No,DSL,One year,No,Bank transfer (automatic),41.15,1700.9,No,No
Female,0,Yes,Yes,16,Yes,No,Month-to-month,No,Mailed check,19.35,275.9,No,No
Female,0,No,No,1,Yes,Fiber optic,Month-to-month,No,Mailed check,75.3,75.3,Yes,Yes
Male,0,Yes,Yes,63,Yes,Fiber optic,One year,Yes,Electronic check,91.35,5764.7,No,No
Female,0,No,No,2,Yes,Fiber optic,Month-to-month,No,Bank transfer (automatic),70.0,153.05,Yes,Yes
Male,0,Yes,Yes,55,Yes,No,Two year,No,Mailed check,20.5,1177.95,No,No
Male,0,No,No,1,Yes,DSL,Month-to-month,Yes,Electronic check,50.75,50.75,Yes,No
Male,0,No,No,13,Yes,Fiber optic,Month-to-month,Yes,Electronic check,80.85,1008.7,Yes,Yes
Female,0,No,No,11,Yes,Fiber optic,Month-to-month,Yes,Electronic check,100.75,1129.75,Yes,Yes
Female,0,Yes,Yes,71,No,DSL,Two year,No,Mailed check,58.65,4145.25,No,No
Male,0,No,No,48,Yes,Fiber optic,Two year,Yes,Bank transfer (automatic),108.1,5067.45,No,No
Female,0,No,No,29,Yes,DSL,One year,Yes,Electronic check,55.25,1620.2,No,No
Male,0,No,No,11,Yes,No,Two year,No,Mailed check,20.4,231.45,No,No
Male,0,Yes,No,2,Yes,No,Month-to-month,No,Mailed check,20.0,38.0,No,No
Female,0,Yes,Yes,48,No,DSL,Month-to-month,Yes,Credit card (automatic),29.5,1423.05,No,No
Female,0,No,No,7,Yes,Fiber optic,Month-to-month,Yes,Electronic check,75.15,525.0,No,Yes
Male,0,No,No,1,Yes,DSL,Month-to-month,Yes,Bank transfer (automatic),45.1,45.1,Yes,No
Female,0,No,No,54,Yes,No,Two year,No,Mailed check,20.1,1079.45,No,No
Male,0,No,Yes,44,Yes,No,Two year,No,Bank transfer (automatic),19.55,819.95,No,No
Male,0,Yes,Yes,72,Yes,No,Two year,Yes,Credit card (automatic),19.8,1414.65,No,No
Male,0,Yes,Yes,68,Yes,DSL,Two year,No,Credit card (automatic),62.65,4375.8,No,No
Male,0,Yes,Yes,46,Yes,No,Two year,Yes,Mailed check,20.2,917.45,No,No
Female,0,Yes,Yes,61,Yes,DSL,Two year,No,Mailed check,88.1,5526.75,No,No
Male,0,Yes,No,52,Yes,DSL,One year,Yes,Mailed check,75.4,3865.45,No,No
Female,1,Yes,No,66,Yes,DSL,Two year,Yes,Bank transfer (automatic),80.55,5265.1,Yes,No
Male,0,No,No,22,Yes,Fiber optic,Month-to-month,Yes,Electronic check,95.1,2162.6,No,Yes
Male,0,Yes,No,17,Yes,Fiber optic,Month-to-month,Yes,Bank transfer (automatic),70.4,1214.05,Yes,No
Male,0,Yes,Yes,8,Yes,No,Month-to-month,No,Credit card (automatic),19.65,169.75,No,No
Male,1,No,No,16,Yes,Fiber optic,Month-to-month,No,Electronic check,69.65,1043.3,No,Yes
Male,0,No,Yes,19,Yes,No,Two year,No,Credit card (automatic),20.85,467.5,No,No
Male,0,Yes,Yes,72,Yes,No,Two year,No,Bank transfer (automatic),21.0,1493.75,No,No
Female,1,Yes,No,32,Yes,Fiber optic,Month-to-month,Yes,Credit card (automatic),85.95,2628.6,Yes,No
Male,0,No,No,22,Yes,No,One year,No,Mailed check,19.6,422.5,No,No
Female,0,Yes,Yes,59,Yes,No,Two year,No,Mailed check,25.45,1534.05,No,No
Male,0,No,No,3,Yes,Fiber optic,Month-to-month,Yes,Mailed check,86.05,244.85,No,Yes
Male,0,Yes,Yes,70,No,DSL,Two year,No,Bank transfer (automatic),59.5,4144.8,No,No
Male,0,Yes,No,40,Yes,DSL,Month-to-month,Yes,Mailed check,50.15,2058.5,No,No
Female,0,Yes,No,24,Yes,No,One year,No,Mailed check,20.15,456.85,No,No
Male,0,No,No,28,Yes,Fiber optic,Month-to-month,Yes,Credit card (automatic),94.5,2659.4,Yes,No
Male,0,Yes,No,29,Yes,Fiber optic,Month-to-month,Yes,Bank transfer (automatic),80.15,2265.25,Yes,No
Male,0,No,No,29,Yes,No,One year,Yes,Mailed check,19.8,572.2,No,No
Female,0,Yes,No,59,Yes,No,One year,No,Mailed check,20.35,1267.0,No,No
Male,0,Yes,No,72,Yes,Fiber optic,Two year,No,Bank transfer (automatic),105.6,7581.5,No,No
Female,0,No,No,3,Yes,DSL,Month-to-month,No,Mailed check,44.75,148.05,No,No
Female,1,Yes,No,60,Yes,Fiber optic,Month-to-month,No,Electronic check,89.45,5294.6,No,No
Male,0,No,No,35,Yes,DSL,One year,No,Mailed check,61.2,2021.2,No,No
Male,0,No,No,46,Yes,Fiber optic,Two year,No,Electronic check,108.65,4903.2,No,No
Female,1,No,No,1,Yes,Fiber optic,Month-to-month,Yes,Electronic check,69.6,69.6,Yes,Yes
Male,0,No,No,3,Yes,DSL,Month-to-month,Yes,Mailed check,50.5,147.75,No,No
Male,0,No,No,1,Yes,No,Month-to-month,Yes,Mailed check,19.3,19.3,Yes,No
Female,0,No,No,36,Yes,Fiber optic,Month-to-month,Yes,Electronic check,87.55,3078.1,Yes,No
Female,0,No,No,48,Yes,No,One year,No,Credit card (automatic),25.05,1171.5,No,No
Female,0,No,No,16,Yes,Fiber optic,Month-to-month,No,Bank transfer (automatic),75.1,1212.85,No,No
Female,1,No,No,4,Yes,Fiber optic,Month-to-month,Yes,Credit card (automatic),99.8,442.85,Yes,Yes
Female,0,No,No,1,Yes,DSL,Month-to-month,Yes,Electronic check,55.4,55.4,Yes,Yes
Female,0,No,No,63,Yes,Fiber optic,Month-to-month,Yes,Credit card (automatic),109.85,7002.95,No,No
Female,0,Yes,Yes,6,No,DSL,Two year,No,Mailed check,40.55,217.5,No,No
Female,0,No,No,13,No,DSL,Month-to-month,Yes,Electronic check,23.9,300.8,Yes,No
Female,0,Yes,No,63,Yes,Fiber optic,Month-to-month,Yes,Bank transfer (automatic),81.55,5029.05,No,No
Male,0,No,No,60,Yes,DSL,One year,No,Mailed check,79.0,4801.1,No,No
Male,1,Yes,No,54,Yes,Fiber optic,Two year,Yes,Electronic check,110.45,6077.75,No,No
Male,1,No,No,2,Yes,Fiber optic,Month-to-month,Yes,Electronic check,74.7,165.4,Yes,Yes
Male,1,Yes,No,66,Yes,Fiber optic,One year,Yes,Electronic check,110.85,7491.75,Yes,No
Female,1,Yes,Yes,46,Yes,Fiber optic,Month-to-month,Yes,Electronic check,110.2,4972.1,No,Yes
Female,0,Yes,Yes,40,Yes,No,Month-to-month,Yes,Electronic check,26.2,1077.5,No,No
Male,1,Yes,No,60,Yes,Fiber optic,One year,Yes,Electronic check,104.35,6339.45,No,No
Male,1,Yes,No,8,No,DSL,Month-to-month,Yes,Mailed check,43.35,371.4,No,Yes
Male,0,Yes,No,71,Yes,DSL,Two year,Yes,Electronic check,82.55,5832.65,No,No
Female,0,Yes,Yes,11,Yes,No,Two year,No,Credit card (automatic),20.9,202.3,No,No
Male,0,No,No,38,Yes,Fiber optic,One year,Yes,Bank transfer (automatic),70.45,2597.6,Yes,No
Female,1,Yes,No,1,Yes,Fiber optic,Month-to-month,Yes,Mailed check,76.4,76.4,Yes,Yes
Male,0,No,No,24,Yes,No,Two year,No,Mailed check,20.75,487.05,No,No
Female,0,Yes,No,18,Yes,Fiber optic,Month-to-month,Yes,Electronic check,88.85,1594.75,No,Yes
Female,0,No,No,1,Yes,DSL,Month-to-month,No,Mailed check,45.3,45.3,No,No
Male,0,No,No,1,Yes,DSL,Month-to-month,Yes,Mailed check,53.5,53.5,Yes,No
Male,0,No,No,5,Yes,DSL,Month-to-month,Yes,Bank transfer (automatic),65.6,339.9,No,No
Male,0,Yes,No,55,No,DSL,Month-to-month,Yes,Bank transfer (automatic),54.55,2978.3,Yes,No
Female,1,Yes,No,70,Yes,Fiber optic,Two year,Yes,Bank transfer (automatic),104.45,7349.35,No,No
Female,0,Yes,Yes,21,Yes,Fiber optic,Month-to-month,Yes,Electronic check,102.8,2110.15,Yes,Yes
Female,0,Yes,Yes,12,Yes,No,Month-to-month,No,Mailed check,19.0,233.55,Yes,No
Male,0,No,No,18,Yes,No,Month-to-month,No,Electronic check,19.0,348.8,No,No
Male,0,Yes,No,69,Yes,Fiber optic,Two year,Yes,Mailed check,92.45,6460.55,No,No
Male,0,Yes,Yes,72,Yes,Fiber optic,Two year,Yes,Credit card (automatic),84.5,6130.85,No,No
Male,0,No,No,51,Yes,No,Two year,No,Mailed check,20.45,1042.65,No,No
Female,1,No,No,13,Yes,DSL,Month-to-month,Yes,Electronic check,54.8,731.3,No,No
Male,0,No,No,9,Yes,DSL,Month-to-month,Yes,Bank transfer (automatic),68.25,576.95,No,No
Male,0,Yes,Yes,67,Yes,DSL,One year,Yes,Credit card (automatic),69.35,4653.25,No,No
Female,0,No,No,61,Yes,Fiber optic,One year,Yes,Mailed check,115.1,6993.65,No,No
Female,0,Yes,Yes,65,Yes,DSL,Two year,Yes,Mailed check,90.45,5957.9,No,No
Male,0,No,Yes,53,Yes,DSL,One year,No,Credit card (automatic),62.85,3419.5,No,No
Male,0,Yes,Yes,72,Yes,No,Two year,No,Credit card (automatic),25.55,1867.7,No,No
Female,0,No,No,13,No,DSL,Month-to-month,Yes,Bank transfer (automatic),30.85,394.1,No,No
Female,0,No,Yes,50,Yes,DSL,One year,Yes,Credit card (automatic),70.8,3478.15,No,No
Male,0,No,No,1,Yes,No,Month-to-month,No,Mailed check,20.5,20.5,Yes,No
Male,0,Yes,Yes,5,Yes,Fiber optic,Month-to-month,Yes,Electronic check,84.5,453.75,Yes,Yes
Female,0,Yes,Yes,70,Yes,Fiber optic,Two year,Yes,Bank transfer (automatic),114.2,7723.9,Yes,No
Male,0,Yes,No,17,Yes,Fiber optic,Month-to-month,Yes,Electronic check,102.55,1742.5,No,Yes
Female,0,Yes,No,37,Yes,No,Month-to-month,No,Bank transfer (automatic),19.5,805.2,No,No
Female,1,Yes,No,63,Yes,Fiber optic,Month-to-month,Yes,Electronic check,103.5,6479.4,No,No
Female,0,No,Yes,11,Yes,No,Month-to-month,No,Credit card (automatic),19.7,216.2,No,No
Female,0,Yes,No,67,Yes,DSL,Two year,No,Mailed check,65.65,4322.85,No,No
Male,0,Yes,Yes,66,No,DSL,Two year,No,Bank transfer (automatic),54.65,3632.0,No,No
Male,0,No,No,5,Yes,No,Month-to-month,No,Credit card (automatic),20.05,95.55,No,No
Male,0,No,No,7,Yes,No,Month-to-month,Yes,Mailed check,18.95,130.55,No,No
Female,0,Yes,Yes,34,Yes,No,One year,Yes,Bank transfer (automatic),20.1,682.1,No,No
Female,0,Yes,No,70,Yes,DSL,Two year,No,Credit card (automatic),86.45,5950.2,No,No
Male,0,Yes,Yes,48,Yes,DSL,One year,Yes,Credit card (automatic),55.8,2651.2,No,No
Female,0,Yes,Yes,25,Yes,Fiber optic,Month-to-month,Yes,Bank transfer (automatic),89.15,2257.75,Yes,No
Female,0,Yes,Yes,70,Yes,No,Two year,Yes,Mailed check,19.2,1401.4,No,No
Male,0,Yes,No,64,Yes,DSL,One year,Yes,Credit card (automatic),66.15,4392.5,No,No
Female,0,No,No,1,Yes,Fiber optic,Month-to-month,Yes,Electronic check,77.15,77.15,Yes,Yes
Male,0,Yes,No,71,Yes,Fiber optic,Month-to-month,Yes,Bank transfer (automatic),93.25,6669.45,No,No
Male,0,No,No,18,Yes,Fiber optic,Month-to-month,No,Bank transfer (automatic),84.3,1537.9,No,No
Female,0,Yes,Yes,9,Yes,Fiber optic,Month-to-month,Yes,Electronic check,75.85,647.5,No,Yes
Female,1,Yes,Yes,65,Yes,Fiber optic,One year,Yes,Bank transfer (automatic),103.9,6767.1,No,No
Female,0,No,No,7,Yes,DSL,One year,Yes,Electronic check,59.1,369.25,No,No
Male,0,No,No,9,Yes,No,Month-to-month,Yes,Mailed check,18.95,185.6,Yes,No
Female,0,No,Yes,1,Yes,No,Month-to-month,No,Mailed check,24.0,24.0,No,No
Male,0,Yes,No,64,Yes,Fiber optic,One year,Yes,Mailed check,108.5,6880.85,No,No
Male,1,No,No,57,Yes,Fiber optic,Month-to-month,Yes,Bank transfer (automatic),104.9,5913.95,No,No
Female,0,Yes,Yes,34,Yes,No,Two year,No,Credit card (automatic),24.95,894.3,No,No
Male,0,No,No,53,Yes,Fiber optic,Month-to-month,Yes,Mailed check,80.6,4348.1,No,No
Female,0,Yes,No,49,Yes,No,One year,No,Credit card (automatic),20.7,1032.05,No,No
Male,0,Yes,Yes,66,Yes,DSL,Two year,No,Bank transfer (automatic),79.85,5234.95,No,No
Male,0,Yes,Yes,2,Yes,DSL,Month-to-month,No,Mailed check,56.7,113.55,Yes,No
Male,0,No,No,66,Yes,No,Two year,No,Bank transfer (automatic),19.35,1240.8,No,No
Female,1,No,No,7,Yes,DSL,Month-to-month,Yes,Electronic check,64.95,493.65,No,Yes
Male,0,Yes,Yes,65,Yes,Fiber optic,Two year,Yes,Bank transfer (automatic),104.1,6700.05,No,No
Female,0,Yes,Yes,72,Yes,DSL,Two year,No,Credit card (automatic),89.75,6595.9,No,No
Female,0,Yes,No,61,Yes,No,Two year,No,Mailed check,24.4,1417.9,No,No
Female,0,No,No,56,Yes,DSL,One year,Yes,Credit card (automatic),60.25,3282.75,No,No
Female,1,Yes,No,33,Yes,Fiber optic,Month-to-month,Yes,Bank transfer (automatic),80.6,2656.5,Yes,No
Female,1,No,No,4,Yes,Fiber optic,Month-to-month,Yes,Electronic check,84.6,360.1,Yes,Yes
Male,0,Yes,Yes,9,Yes,DSL,Month-to-month,No,Mailed check,54.8,452.8,No,No
Female,0,No,No,50,Yes,DSL,One year,Yes,Credit card (automatic),82.5,4179.1,No,No
Female,1,Yes,No,47,Yes,Fiber optic,Month-to-month,No,Electronic check,99.7,4747.2,No,No
Male,0,No,No,15,Yes,DSL,Month-to-month,No,Electronic check,51.55,765.5,Yes,No
Male,1,No,No,33,Yes,No,One year,Yes,Bank transfer (automatic),24.9,847.8,No,No
Male,0,Yes,Yes,42,Yes,DSL,Month-to-month,No,Mailed check,54.5,2301.15,No,No
Female,0,Yes,Yes,27,Yes,No,One year,Yes,Mailed check,20.55,583.3,No,No
Female,0,Yes,Yes,53,Yes,No,One year,No,Bank transfer (automatic),19.55,1007.9,No,No
Female,0,Yes,No,72,Yes,Fiber optic,Two year,Yes,Bank transfer (automatic),115.5,8312.75,No,No
Female,0,Yes,Yes,23,No,DSL,Two year,No,Mailed check,34.6,813.45,No,No
Male,0,Yes,No,69,Yes,No,Two year,No,Mailed check,19.9,1363.45,No,No
Male,1,Yes,No,13,Yes,Fiber optic,Month-to-month,Yes,Bank transfer (automatic),89.05,1169.35,Yes,Yes
Female,0,No,No,12,Yes,Fiber optic,Month-to-month,Yes,Electronic check,78.95,927.35,Yes,Yes
Female,0,No,No,1,Yes,Fiber optic,Month-to-month,No,Mailed check,95.65,95.65,Yes,Yes
Male,0,No,No,47,Yes,No,Two year,No,Bank transfer (automatic),20.45,943.0,No,No
Female,0,No,No,23,Yes,Fiber optic,Month-to-month,Yes,Electronic check,93.5,2341.55,No,Yes
Male,0,No,No,26,Yes,Fiber optic,Month-to-month,Yes,Credit card (automatic),92.4,2349.8,No,No
Female,0,No,No,40,Yes,Fiber optic,One year,Yes,Credit card (automatic),105.95,4335.2,No,No
Female,0,Yes,No,58,Yes,DSL,Two year,Yes,Credit card (automatic),59.9,3505.1,No,No
Male,0,Yes,No,10,Yes,Fiber optic,Month-to-month,Yes,Electronic check,85.6,813.85,Yes,Yes
Female,0,No,No,18,Yes,Fiber optic,Month-to-month,Yes,Electronic check,74.15,1345.75,No,Yes
Female,0,No,No,5,Yes,DSL,Month-to-month,Yes,Credit card (automatic),44.05,202.15,No,No
Male,0,No,No,3,Yes,Fiber optic,Month-to-month,Yes,Electronic check,85.3,264.8,Yes,Yes
Male,0,Yes,Yes,72,Yes,Fiber optic,Two year,No,Bank transfer (automatic),114.45,8100.55,No,No
Female,0,Yes,Yes,68,Yes,DSL,Two year,No,Credit card (automatic),88.0,6161.9,No,No
Male,0,Yes,Yes,47,Yes,DSL,Two year,Yes,Mailed check,90.5,4318.35,No,No
Male,0,No,No,67,Yes,No,Two year,No,Bank transfer (automatic),20.5,1430.95,No,No
Male,0,No,No,1,Yes,No,Month-to-month,No,Electronic check,19.45,19.45,No,No
Male,0,No,No,4,Yes,Fiber optic,Month-to-month,Yes,Electronic check,73.9,280.85,Yes,Yes
Male,0,No,No,38,Yes,Fiber optic,Month-to-month,Yes,Credit card (automatic),69.5,2625.25,No,No
Female,0,No,Yes,16,Yes,Fiber optic,One year,Yes,Credit card (automatic),79.5,1264.2,No,No
Male,0,No,No,58,Yes,DSL,Two year,No,Bank transfer (automatic),70.1,4048.95,No,No
Male,0,Yes,Yes,45,Yes,DSL,Two year,No,Bank transfer (automatic),54.65,2553.7,No,No
Male,1,No,No,3,No,DSL,Month-to-month,Yes,Electronic check,41.15,132.2,Yes,Yes
Female,0,Yes,Yes,18,Yes,No,Two year,Yes,Credit card (automatic),24.65,471.35,No,No
Female,0,Yes,Yes,35,Yes,No,Two year,Yes,Credit card (automatic),25.4,949.8,No,No
Female,0,No,Yes,41,Yes,No,One year,Yes,Credit card (automatic),20.25,865.0,No,No
Male,0,No,No,13,No,DSL,Month-to-month,Yes,Bank transfer (automatic),25.15,331.85,No,No
Male,0,Yes,Yes,11,Yes,Fiber optic,Month-to-month,Yes,Electronic check,74.35,834.2,Yes,Yes
Male,0,No,No,10,Yes,Fiber optic,Month-to-month,Yes,Electronic check,110.1,1043.3,Yes,Yes
Male,0,Yes,Yes,60,Yes,Fiber optic,Month-to-month,Yes,Bank transfer (automatic),103.75,5969.95,No,No
Male,0,No,No,6,Yes,Fiber optic,Month-to-month,Yes,Credit card (automatic),80.5,463.05,Yes,Yes
Male,0,No,Yes,23,No,DSL,Two year,No,Mailed check,40.1,857.75,No,No
Female,0,Yes,No,3,Yes,Fiber optic,Month-to-month,Yes,Electronic check,75.85,256.6,Yes,Yes
Male,0,Yes,Yes,51,Yes,No,Two year,Yes,Mailed check,24.95,1222.25,No,No
Female,0,Yes,Yes,9,Yes,DSL,Month-to-month,Yes,Mailed check,55.3,501.2,No,No
Male,0,No,No,67,Yes,No,Two year,Yes,Mailed check,19.8,1311.3,No,No
Male,0,Yes,Yes,62,Yes,DSL,Two year,No,Electronic check,86.1,5215.25,No,No
Male,0,No,Yes,1,Yes,DSL,Month-to-month,Yes,Bank transfer (automatic),70.45,70.45,No,No
Male,0,Yes,Yes,66,No,DSL,Two year,Yes,Credit card (automatic),56.75,3708.4,No,No
Male,0,No,Yes,55,Yes,No,One year,No,Bank transfer (automatic),19.1,1001.5,No,No
Female,0,Yes,Yes,54,Yes,DSL,Two year,No,Credit card (automatic),91.3,4965.0,No,No
Female,0,Yes,Yes,7,No,DSL,Month-to-month,Yes,Electronic check,24.7,149.05,No,Yes
Female,1,Yes,No,40,Yes,Fiber optic,One year,Yes,Credit card (automatic),99.2,4062.2,Yes,No
Female,0,Yes,No,20,Yes,No,One year,Yes,Mailed check,20.0,416.45,No,No
Female,0,No,No,12,Yes,Fiber optic,Month-to-month,No,Bank transfer (automatic),78.1,947.3,Yes,No
Female,0,Yes,Yes,61,Yes,DSL,One year,Yes,Bank transfer (automatic),49.7,2961.4,No,No
Female,0,No,No,1,Yes,DSL,Month-to-month,No,Mailed check,45.15,45.15,No,No
Female,0,No,No,40,Yes,No,Two year,Yes,Bank transfer (automatic),20.6,827.3,No,No
Male,0,No,No,26,Yes,Fiber optic,Month-to-month,Yes,Electronic check,98.35,2515.3,Yes,Yes
Female,1,Yes,Yes,66,Yes,Fiber optic,One year,Yes,Electronic check,104.9,6891.45,No,No
Female,1,Yes,No,38,Yes,Fiber optic,Month-to-month,Yes,Bank transfer (automatic),74.95,2869.85,Yes,No
Female,0,No,No,5,Yes,Fiber optic,Month-to-month,Yes,Credit card (automatic),85.4,425.9,Yes,Yes
Female,0,Yes,Yes,27,Yes,DSL,Month-to-month,No,Mailed check,49.85,1336.15,No,No
Female,0,Yes,No,66,Yes,DSL,Two year,No,Bank transfer (automatic),66.9,4370.25,No,No
Male,0,Yes,Yes,53,Yes,No,One year,No,Credit card (automatic),20.2,1068.15,No,No
Male,0,Yes,Yes,62,Yes,No,Two year,Yes,Bank transfer (automatic),24.25,1424.6,No,No
Male,0,Yes,No,70,Yes,DSL,Two year,No,Bank transfer (automatic),72.95,5265.55,No,No
Male,1,No,No,21,Yes,Fiber optic,Month-to-month,Yes,Electronic check,104.35,2271.85,No,Yes
Female,0,Yes,Yes,72,Yes,DSL,Two year,No,Mailed check,74.55,5430.65,No,No
Female,0,No,No,27,Yes,DSL,One year,No,Mailed check,78.2,2078.95,No,No
Female,0,No,No,33,Yes,Fiber optic,Month-to-month,Yes,Electronic check,100.0,3320.6,No,Yes
Male,0,Yes,Yes,61,Yes,Fiber optic,One year,Yes,Electronic check,99.9,6241.35,No,No
Female,0,No,No,19,No,DSL,Month-to-month,Yes,Electronic check,39.7,710.05,No,No
Female,0,Yes,Yes,11,Yes,No,One year,No,Mailed check,20.6,233.9,No,No
Male,0,Yes,Yes,71,Yes,No,Two year,Yes,Bank transfer (automatic),19.6,1387.45,No,No
Male,1,No,No,2,Yes,Fiber optic,Month-to-month,Yes,Mailed check,72.6,154.3,No,Yes
Female,0,No,Yes,1,Yes,DSL,Month-to-month,No,Mailed check,45.95,45.95,Yes,No
Female,1,No,No,7,Yes,Fiber optic,Month-to-month,Yes,Electronic check,84.35,609.65,No,Yes
Male,0,Yes,No,14,Yes,DSL,Month-to-month,Yes,Credit card (automatic),66.6,979.5,No,No
Female,0,Yes,No,30,Yes,Fiber optic,Month-to-month,Yes,Electronic check,85.0,2624.25,Yes,Yes
Male,0,Yes,Yes,72,Yes,Fiber optic,Two year,No,Bank transfer (automatic),105.5,7611.55,No,No
Male,0,Yes,No,14,No,DSL,Month-to-month,No,Electronic check,46.35,667.7,Yes,No
Male,0,No,No,34,Yes,No,Month-to-month,No,Mailed check,19.7,675.6,No,No
Female,0,No,No,3,Yes,Fiber optic,Month-to-month,Yes,Credit card (automatic),99.0,287.4,Yes,Yes
Female,0,Yes,Yes,48,Yes,No,Two year,No,Bank transfer (automatic),20.65,1057.0,No,No
Male,0,No,No,68,Yes,Fiber optic,One year,No,Bank transfer (automatic),101.35,7110.75,No,No
Female,0,No,No,30,Yes,Fiber optic,Month-to-month,No,Electronic check,100.45,3096.9,No,No
Female,1,No,Yes,33,Yes,Fiber optic,Month-to-month,Yes,Bank transfer (automatic),105.35,3465.05,No,No
Female,0,No,No,2,Yes,No,Month-to-month,No,Mailed check,20.65,38.7,Yes,No
Male,0,No,No,23,Yes,DSL,One year,Yes,Bank transfer (automatic),64.9,1509.8,No,No
Female,1,Yes,No,44,Yes,Fiber optic,Month-to-month,Yes,Electronic check,85.15,3670.5,No,No
Female,0,No,No,46,Yes,Fiber optic,One year,Yes,Electronic check,94.15,4408.45,No,No
Female,0,Yes,Yes,55,Yes,Fiber optic,One year,No,Mailed check,100.9,5448.6,No,No
Male,0,No,No,48,Yes,Fiber optic,Month-to-month,Yes,Electronic check,95.4,4445.3,No,No
Female,1,No,No,3,Yes,Fiber optic,Month-to-month,Yes,Electronic check,70.4,204.7,Yes,Yes
Female,0,No,No,2,Yes,DSL,Month-to-month,No,Mailed check,49.2,103.7,No,No
Female,0,Yes,Yes,43,Yes,DSL,Month-to-month,No,Mailed check,50.2,2169.4,No,No
Female,0,No,No,50,Yes,No,Two year,No,Credit card (automatic),19.4,1023.95,No,No
Female,0,No,No,66,No,DSL,Two year,Yes,Bank transfer (automatic),62.5,4136.4,No,No
Male,0,No,No,32,Yes,Fiber optic,Month-to-month,No,Electronic check,91.05,2871.5,No,No
Female,0,No,No,1,Yes,No,Month-to-month,No,Mailed check,19.75,19.75,No,No
Male,0,No,No,39,No,DSL,Month-to-month,Yes,Electronic check,40.6,1494.5,No,No
Male,0,Yes,Yes,34,No,DSL,One year,No,Bank transfer (automatic),30.4,938.65,No,No
Female,0,Yes,No,8,Yes,Fiber optic,Month-to-month,Yes,Electronic check,90.25,743.75,No,Yes
Male,0,Yes,Yes,2,Yes,No,One year,No,Mailed check,19.85,35.9,Yes,No
Male,1,Yes,No,17,Yes,Fiber optic,Month-to-month,Yes,Credit card (automatic),100.45,1622.45,Yes,Yes
Male,0,No,Yes,4,Yes,DSL,Month-to-month,No,Electronic check,49.35,219.65,Yes,No
Female,0,Yes,No,33,Yes,Fiber optic,Month-to-month,Yes,Credit card (automatic),95.0,3008.15,No,No
Male,0,No,Yes,19,Yes,No,Month-to-month,Yes,Electronic check,20.0,377.55,No,No
Male,0,No,No,4,Yes,DSL,Month-to-month,No,Mailed check,44.55,220.75,No,No
Female,0,No,No,22,No,DSL,Month-to-month,Yes,Electronic check,50.6,1073.3,No,No
Female,0,No,No,72,Yes,DSL,Two year,No,Bank transfer (automatic),86.6,6350.5,No,No
Female,1,No,No,22,Yes,DSL,Month-to-month,Yes,Mailed check,69.75,1545.4,No,No
Male,0,No,No,37,Yes,Fiber optic,Month-to-month,Yes,Electronic check,91.15,3369.25,No,No
Male,0,Yes,Yes,66,Yes,No,One year,Yes,Electronic check,20.35,1359.5,No,No
Female,0,Yes,Yes,14,Yes,No,Two year,Yes,Mailed check,19.7,263.65,No,No
Female,0,No,No,70,Yes,DSL,Two year,No,Mailed check,84.7,5991.05,No,No
Female,0,No,No,48,Yes,No,One year,No,Bank transfer (automatic),24.55,1203.95,No,No
Female,0,Yes,No,60,Yes,Fiber optic,Month-to-month,Yes,Electronic check,99.8,5985.75,No,No
Male,1,Yes,Yes,71,Yes,No,Two year,No,Credit card (automatic),19.8,1388.45,No,No
Female,0,Yes,Yes,19,Yes,No,Two year,Yes,Bank transfer (automatic),24.9,467.7,No,No
Male,0,Yes,Yes,63,Yes,No,Two year,Yes,Mailed check,19.15,1177.05,No,No
Female,0,No,No,50,No,DSL,Two year,No,Credit card (automatic),39.7,1932.75,No,No
Male,0,No,No,5,Yes,DSL,Month-to-month,Yes,Credit card (automatic),63.95,318.1,No,No
Male,0,Yes,No,8,Yes,No,Month-to-month,Yes,Bank transfer (automatic),19.55,161.15,No,No
Female,0,Yes,No,64,Yes,No,Two year,No,Credit card (automatic),19.45,1208.6,No,No
Male,0,Yes,Yes,64,Yes,DSL,One year,Yes,Credit card (automatic),73.05,4688.65,No,No
Male,1,Yes,No,19,Yes,DSL,Month-to-month,No,Bank transfer (automatic),66.4,1286.05,No,No
Female,0,Yes,Yes,33,Yes,No,One year,No,Credit card (automatic),24.15,800.3,No,No
Male,0,No,No,13,Yes,No,Two year,No,Credit card (automatic),20.0,268.45,No,No
Female,0,No,No,15,Yes,Fiber optic,Month-to-month,Yes,Credit card (automatic),99.1,1426.4,Yes,Yes
Female,0,Yes,No,10,Yes,No,One year,No,Mailed check,20.1,184.4,No,No
Male,0,Yes,Yes,1,Yes,No,One year,No,Credit card (automatic),19.85,19.85,No,No
Female,1,Yes,No,2,Yes,DSL,Month-to-month,No,Credit card (automatic),50.15,115.1,Yes,No
Male,0,Yes,No,14,Yes,DSL,One year,No,Electronic check,44.6,641.25,No,No
Female,0,No,No,66,Yes,Fiber optic,One year,Yes,Bank transfer (automatic),92.15,6056.9,No,No
Male,0,Yes,Yes,69,Yes,DSL,Two year,Yes,Bank transfer (automatic),59.75,4069.9,No,No
Male,0,Yes,No,71,Yes,DSL,Two year,Yes,Mailed check,80.1,5585.4,No,No
Female,0,Yes,No,70,No,DSL,Two year,No,Bank transfer (automatic),57.8,4039.3,No,No
Female,0,Yes,Yes,45,Yes,DSL,One year,Yes,Credit card (automatic),54.15,2319.8,Yes,No
Male,1,No,No,1,Yes,Fiber optic,Month-to-month,Yes,Bank transfer (automatic),69.5,69.5,Yes,Yes
Female,0,Yes,No,26,Yes,DSL,Month-to-month,Yes,Electronic check,73.05,1959.5,No,No
Female,0,Yes,No,43,Yes,Fiber optic,Month-to-month,Yes,Electronic check,94.1,4107.3,No,No
Male,0,Yes,No,70,Yes,DSL,Two year,No,Credit card (automatic),76.1,5264.25,No,No
Male,1,Yes,No,72,Yes,No,Two year,Yes,Bank transfer (automatic),25.0,1802.55,No,No
Female,0,Yes,No,64,Yes,No,Two year,No,Credit card (automatic),19.45,1225.65,No,No
Female,0,Yes,No,71,No,DSL,Two year,No,Bank transfer (automatic),58.25,4145.9,No,No
Male,0,No,No,2,Yes,DSL,Month-to-month,No,Electronic check,45.35,89.5,Yes,No
Male,0,No,No,43,Yes,Fiber optic,Month-to-month,Yes,Electronic check,101.4,4528.0,Yes,No
Female,0,Yes,Yes,71,Yes,Fiber optic,Two year,No,Credit card (automatic),113.65,8166.8,No,No
Male,0,No,No,3,Yes,DSL,Month-to-month,Yes,Mailed check,65.25,209.9,No,No
Male,0,Yes,No,63,Yes,DSL,One year,No,Credit card (automatic),70.8,4448.8,No,No
Female,0,No,No,3,Yes,Fiber optic,Month-to-month,Yes,Electronic check,75.5,220.6,Yes,Yes
Female,0,Yes,Yes,71,Yes,No,Two year,No,Bank transfer (automatic),19.85,1326.35,No,No
Male,0,Yes,No,47,Yes,No,Two year,No,Mailed check,19.65,973.1,No,No
Male,0,No,Yes,3,Yes,No,Two year,Yes,Mailed check,26.4,121.25,No,No
Male,0,Yes,Yes,16,Yes,DSL,One year,Yes,Mailed check,55.85,857.8,No,No
Female,1,Yes,No,55,Yes,Fiber optic,Two year,No,Credit card (automatic),88.8,4805.3,No,No
Male,0,No,Yes,30,Yes,No,One year,No,Bank transfer (automatic),25.35,723.3,No,No
Male,0,Yes,Yes,65,Yes,DSL,Two year,Yes,Bank transfer (automatic),74.8,4820.15,Yes,No
Female,0,Yes,Yes,3,Yes,DSL,Month-to-month,Yes,Bank transfer (automatic),69.15,235.0,No,No
Female,0,No,No,2,No,DSL,Month-to-month,Yes,Electronic check,42.6,72.4,Yes,Yes
Female,0,Yes,No,7,Yes,DSL,Month-to-month,Yes,Bank transfer (automatic),50.3,355.1,No,No
Male,1,Yes,No,62,Yes,Fiber optic,One year,Yes,Electronic check,103.75,6383.35,Yes,No
Female,1,No,No,14,Yes,Fiber optic,Month-to-month,Yes,Electronic check,104.85,1531.4,Yes,Yes
Male,0,No,No,6,Yes,DSL,Month-to-month,No,Mailed check,60.9,414.1,No,No
Female,0,No,No,2,Yes,No,Month-to-month,Yes,Mailed check,20.45,42.45,No,No
Female,0,No,No,4,Yes,No,Month-to-month,No,Bank transfer (automatic),20.95,85.5,Yes,No
Female,0,No,No,1,Yes,No,Month-to-month,No,Mailed check,20.15,20.15,No,No
Female,0,Yes,Yes,20,Yes,No,Month-to-month,No,Mailed check,20.35,442.6,No,No
Male,0,No,No,7,Yes,DSL,Month-to-month,No,Mailed check,43.9,278.4,No,No
Female,0,No,No,56,Yes,Fiber optic,Month-to-month,Yes,Electronic check,73.85,4092.85,Yes,No
Male,0,Yes,No,4,Yes,Fiber optic,Month-to-month,No,Electronic check,70.5,294.2,No,Yes
Male,0,Yes,No,55,Yes,Fiber optic,Month-to-month,Yes,Electronic check,96.75,5238.9,Yes,No
Male,0,No,No,41,Yes,DSL,Month-to-month,Yes,Bank transfer (automatic),55.7,2237.55,No,No
Female,0,No,No,1,Yes,DSL,Month-to-month,Yes,Electronic check,55.45,55.45,No,Yes
Male,0,No,No,66,Yes,No,One year,No,Bank transfer (automatic),25.45,1699.15,No,No
Male,0,Yes,Yes,33,Yes,DSL,One year,No,Credit card (automatic),74.75,2453.3,No,No
Female,0,No,No,3,Yes,No,Month-to-month,No,Electronic check,19.55,61.05,No,No
Female,0,Yes,No,71,Yes,No,Two year,Yes,Credit card (automatic),24.45,1681.6,No,No
Female,0,Yes,No,70,No,DSL,Two year,No,Bank transfer (automatic),64.55,4504.9,No,No
Male,0,No,No,4,Yes,Fiber optic,Month-to-month,Yes,Electronic check,74.35,265.35,Yes,Yes
Female,0,Yes,Yes,72,Yes,No,Two year,No,Bank transfer (automatic),19.55,1463.45,No,No
Male,0,Yes,No,68,Yes,Fiber optic,One year,Yes,Electronic check,100.3,6754.35,No,No
Female,0,Yes,Yes,28,Yes,Fiber optic,One year,Yes,Bank transfer (automatic),90.1,2598.95,Yes,No
Female,0,No,Yes,7,No,DSL,Month-to-month,No,Mailed check,29.8,201.95,No,No
Male,0,Yes,No,10,Yes,Fiber optic,Month-to-month,Yes,Electronic check,70.3,738.2,Yes,Yes
Female,0,Yes,No,60,Yes,DSL,Two year,No,Bank transfer (automatic),59.85,3483.45,No,No
Male,0,No,No,1,Yes,Fiber optic,Month-to-month,Yes,Electronic check,69.9,69.9,No,Yes
Female,0,No,No,31,Yes,DSL,Month-to-month,No,Credit card (automatic),65.25,1994.3,Yes,No
Male,0,Yes,No,61,Yes,DSL,Two year,Yes,Bank transfer (automatic),80.8,4860.85,No,No
Male,0,Yes,Yes,35,Yes,Fiber optic,Month-to-month,Yes,Bank transfer (automatic),89.65,3161.6,No,No
Female,0,Yes,Yes,17,Yes,Fiber optic,One year,No,Bank transfer (automatic),98.6,1704.95,Yes,No
Female,0,No,No,19,Yes,No,Month-to-month,No,Mailed check,19.9,367.55,No,No
Female,0,No,No,1,Yes,No,Month-to-month,No,Mailed check,19.55,19.55,No,No
Female,0,No,No,4,Yes,Fiber optic,Month-to-month,Yes,Mailed check,80.3,324.2,No,Yes
Female,0,Yes,No,68,Yes,No,Two year,Yes,Credit card (automatic),24.95,1614.9,No,No
Male,0,Yes,Yes,46,Yes,No,Two year,No,Credit card (automatic),19.95,862.4,No,No
Male,0,No,No,1,Yes,No,Month-to-month,Yes,Mailed check,18.85,18.85,Yes,No
Male,0,Yes,Yes,10,Yes,DSL,Month-to-month,No,Mailed check,60.2,563.5,No,No
Male,0,No,No,55,Yes,DSL,Two year,Yes,Bank transfer (automatic),77.8,4323.35,No,No
Female,1,No,No,2,Yes,Fiber optic,Month-to-month,No,Electronic check,70.75,154.85,Yes,Yes
Male,1,No,No,15,Yes,Fiber optic,Month-to-month,Yes,Electronic check,79.4,1156.1,Yes,Yes
Male,1,Yes,No,63,Yes,Fiber optic,Two year,No,Credit card (automatic),108.5,6991.9,No,No
Male,0,No,Yes,27,Yes,No,Month-to-month,No,Mailed check,19.15,537.35,No,No
Female,0,Yes,Yes,66,Yes,DSL,Month-to-month,Yes,Bank transfer (automatic),67.45,4508.65,No,No
Female,1,No,No,30,Yes,Fiber optic,Month-to-month,Yes,Electronic check,99.7,2967.35,Yes,Yes
Male,0,No,Yes,66,Yes,DSL,Two year,No,Bank transfer (automatic),65.7,4378.9,No,No
Male,0,No,No,11,Yes,Fiber optic,Month-to-month,Yes,Mailed check,75.9,866.4,No,Yes
Male,0,Yes,Yes,34,Yes,Fiber optic,Month-to-month,Yes,Mailed check,84.05,2909.95,No,No
Male,0,No,No,1,Yes,No,Month-to-month,No,Credit card (automatic),20.75,20.75,No,No
Female,0,Yes,No,5,Yes,Fiber optic,Month-to-month,No,Electronic check,69.95,330.15,Yes,Yes
Female,0,No,No,19,Yes,DSL,Month-to-month,Yes,Electronic check,56.2,1093.4,No,No
Female,1,No,No,50,Yes,Fiber optic,One year,Yes,Electronic check,106.8,5347.95,No,No
Male,0,Yes,No,31,Yes,Fiber optic,Month-to-month,No,Electronic check,93.8,3019.5,Yes,No
Male,1,Yes,Yes,66,Yes,Fiber optic,Month-to-month,Yes,Credit card (automatic),99.5,6822.15,Yes,No
Female,0,Yes,No,23,Yes,DSL,One year,Yes,Bank transfer (automatic),68.75,1689.45,No,No
Female,0,Yes,Yes,48,Yes,DSL,Two year,Yes,Credit card (automatic),70.1,3238.4,No,No
Female,0,Yes,No,72,Yes,Fiber optic,Two year,Yes,Electronic check,109.55,8165.1,No,No
Female,0,No,Yes,2,Yes,No,Month-to-month,Yes,Electronic check,19.6,35.85,Yes,No
Female,1,No,No,64,Yes,Fiber optic,Month-to-month,Yes,Bank transfer (automatic),108.95,7111.3,No,No
Male,0,No,No,34,Yes,No,Two year,No,Bank transfer (automatic),26.1,980.35,No,No
Male,0,No,No,3,Yes,DSL,Month-to-month,Yes,Electronic check,43.3,123.65,Yes,No
Male,1,No,No,45,Yes,Fiber optic,Month-to-month,Yes,Bank transfer (automatic),93.9,4200.25,No,No
Male,0,Yes,Yes,22,Yes,DSL,One year,Yes,Bank transfer (automatic),67.5,1544.05,Yes,No
Female,1,Yes,Yes,72,Yes,DSL,Two year,Yes,Credit card (automatic),89.55,6448.85,No,No
Female,1,Yes,No,19,Yes,Fiber optic,Month-to-month,Yes,Electronic check,94.95,1760.25,No,Yes
Male,0,Yes,Yes,2,Yes,No,Month-to-month,No,Mailed check,20.3,40.25,No,No
Female,0,No,No,42,Yes,DSL,Month-to-month,No,Credit card (automatic),54.55,2455.05,No,No
Male,0,No,No,24,Yes,DSL,Month-to-month,No,Bank transfer (automatic),60.45,1440.75,No,No
Male,0,Yes,Yes,19,Yes,Fiber optic,One year,Yes,Electronic check,100.95,1875.55,Yes,No
Female,0,Yes,No,14,Yes,Fiber optic,One year,No,Mailed check,105.95,1348.9,Yes,No
Female,0,No,No,17,Yes,No,One year,No,Bank transfer (automatic),19.9,323.15,No,No
Female,0,No,No,17,Yes,No,One year,No,Mailed check,19.55,280.85,No,No
Female,0,Yes,No,71,Yes,No,Two year,Yes,Credit card (automatic),25.95,1801.9,No,No
Female,1,Yes,Yes,57,Yes,Fiber optic,Month-to-month,Yes,Credit card (automatic),95.3,5567.45,No,No
Male,0,No,No,62,Yes,Fiber optic,One year,No,Electronic check,102.0,6529.25,Yes,No
Male,0,No,No,53,Yes,No,Two year,No,Mailed check,24.6,1279.0,No,No
Male,0,Yes,No,71,Yes,Fiber optic,One year,Yes,Bank transfer (automatic),113.15,7953.25,No,No
Female,0,Yes,Yes,69,Yes,No,Two year,No,Bank transfer (automatic),20.15,1337.5,No,No
Male,0,Yes,Yes,49,Yes,Fiber optic,One year,Yes,Electronic check,97.95,4917.9,No,No
Female,0,No,No,71,Yes,Fiber optic,Two year,Yes,Electronic check,111.25,7984.15,No,No
Male,0,No,No,20,Yes,Fiber optic,Month-to-month,Yes,Electronic check,88.7,1761.45,Yes,Yes
Female,0,Yes,Yes,1,Yes,No,Month-to-month,No,Electronic check,19.45,19.45,No,No
Male,0,No,No,44,Yes,No,One year,No,Credit card (automatic),19.5,835.5,No,No
Male,0,Yes,Yes,56,Yes,Fiber optic,Month-to-month,Yes,Credit card (automatic),96.95,5432.2,No,No
Male,0,Yes,Yes,57,Yes,DSL,One year,No,Mailed check,59.6,3509.4,No,No
Female,0,Yes,Yes,41,Yes,DSL,One year,Yes,Bank transfer (automatic),66.5,2728.6,Yes,No
Male,0,Yes,Yes,59,Yes,No,Two year,No,Credit card (automatic),19.3,1192.7,No,No
Male,0,No,No,3,Yes,DSL,Month-to-month,Yes,Mailed check,50.25,152.3,No,No
Male,1,No,No,18,Yes,Fiber optic,Month-to-month,Yes,Credit card (automatic),80.55,1411.65,No,Yes
Male,0,No,Yes,13,Yes,Fiber optic,Month-to-month,Yes,Credit card (automatic),78.3,1033.95,No,No
Male,0,No,Yes,4,Yes,DSL,Month-to-month,Yes,Electronic check,49.4,184.4,Yes,No
Female,0,No,No,22,Yes,Fiber optic,Month-to-month,No,Electronic check,89.25,1907.85,Yes,Yes
Male,0,No,No,64,Yes,DSL,One year,No,Electronic check,81.25,5567.55,No,No
Female,0,Yes,Yes,5,Yes,Fiber optic,Month-to-month,Yes,Electronic check,85.75,470.95,Yes,Yes
Male,0,Yes,Yes,68,Yes,DSL,Two year,No,Bank transfer (automatic),82.85,5776.45,No,No
Male,0,Yes,No,70,Yes,DSL,Two year,No,Mailed check,79.15,5536.5,No,No
Female,0,Yes,Yes,67,Yes,Fiber optic,Two year,Yes,Credit card (automatic),108.75,7156.2,Yes,No
Male,0,Yes,No,70,Yes,DSL,Two year,Yes,Credit card (automatic),76.95,5289.8,No,No
Male,0,No,No,30,Yes,Fiber optic,Month-to-month,Yes,Electronic check,90.25,2755.35,Yes,Yes
Female,1,No,No,59,Yes,Fiber optic,Month-to-month,Yes,Electronic check,89.75,5496.9,No,No
Female,0,Yes,Yes,3,Yes,Fiber optic,Month-to-month,Yes,Electronic check,80.7,239.45,No,Yes
Male,1,No,No,67,Yes,Fiber optic,Two year,Yes,Electronic check,105.05,7171.7,No,No
Female,0,No,No,45,Yes,Fiber optic,One year,No,Bank transfer (automatic),96.75,4442.75,No,No
Female,0,No,Yes,1,Yes,DSL,Month-to-month,No,Electronic check,59.2,59.2,Yes,No
Male,0,No,No,12,Yes,No,Month-to-month,No,Credit card (automatic),20.05,265.45,No,No
Male,0,Yes,No,34,Yes,Fiber optic,Month-to-month,Yes,Electronic check,100.05,3480.0,Yes,Yes
Male,0,Yes,Yes,39,Yes,DSL,One year,No,Electronic check,59.8,2343.85,No,No
Female,0,Yes,Yes,14,Yes,Fiber optic,Month-to-month,Yes,Electronic check,87.25,1258.6,Yes,Yes
Female,0,No,Yes,4,No,DSL,Month-to-month,Yes,Mailed check,57.2,223.75,No,No
Male,0,No,No,38,Yes,No,One year,No,Mailed check,20.1,730.1,No,No
Female,0,Yes,No,24,Yes,No,One year,No,Credit card (automatic),20.4,482.8,No,No
Female,0,No,Yes,50,Yes,No,Two year,No,Credit card (automatic),20.15,970.85,No,No
Male,0,No,No,31,Yes,Fiber optic,Month-to-month,Yes,Electronic check,94.5,2979.2,No,Yes
Male,0,No,No,40,Yes,Fiber optic,Month-to-month,Yes,Mailed check,102.65,4108.15,No,No
Male,0,No,No,55,Yes,DSL,Two year,Yes,Electronic check,59.2,3175.85,No,No
Male,0,No,No,2,Yes,Fiber optic,Month-to-month,Yes,Electronic check,86.0,165.45,Yes,Yes
Male,1,Yes,No,48,Yes,Fiber optic,Month-to-month,Yes,Credit card (automatic),91.05,4370.75,No,No
Female,0,Yes,Yes,27,Yes,No,Two year,No,Electronic check,24.5,761.95,No,No
Male,0,Yes,Yes,10,Yes,No,Month-to-month,Yes,Mailed check,24.4,253.9,No,No
Male,0,No,No,57,No,DSL,Two year,No,Credit card (automatic),53.35,3090.05,No,No
Male,0,Yes,No,72,Yes,DSL,Two year,No,Credit card (automatic),92.3,6719.9,No,No
Male,0,No,No,22,Yes,No,Month-to-month,Yes,Credit card (automatic),24.85,493.4,No,No
Male,1,Yes,No,53,Yes,Fiber optic,Month-to-month,Yes,Electronic check,101.9,5549.4,Yes,No
Male,0,No,No,1,Yes,No,Month-to-month,Yes,Bank transfer (automatic),20.2,20.2,Yes,No
Male,0,Yes,No,55,Yes,DSL,Two year,No,Electronic check,58.6,3068.6,No,No
Male,0,Yes,Yes,18,Yes,Fiber optic,Month-to-month,Yes,Mailed check,87.9,1500.5,No,No
Male,0,Yes,Yes,24,Yes,No,Two year,No,Mailed check,24.2,609.05,No,No
Female,0,No,No,13,Yes,Fiber optic,Month-to-month,Yes,Electronic check,96.65,1244.5,Yes,Yes
Male,0,Yes,No,6,Yes,Fiber optic,Month-to-month,Yes,Electronic check,82.85,460.25,Yes,Yes
Male,1,Yes,No,7,Yes,Fiber optic,Month-to-month,Yes,Electronic check,75.4,533.05,No,Yes
Male,0,No,No,1,Yes,DSL,Month-to-month,Yes,Bank transfer (automatic),44.05,44.05,No,No
Female,1,Yes,No,50,Yes,No,One year,No,Electronic check,25.2,1306.3,No,No
Male,0,No,No,71,Yes,Fiber optic,One year,No,Credit card (automatic),97.65,6687.85,No,No
Female,0,Yes,No,67,Yes,Fiber optic,One year,Yes,Bank transfer (automatic),105.7,6816.95,No,No
Female,0,No,No,14,Yes,DSL,One year,No,Credit card (automatic),59.1,772.85,No,No
Female,0,No,No,1,Yes,No,Month-to-month,Yes,Mailed check,20.35,20.35,No,No
Male,0,No,Yes,1,Yes,No,Month-to-month,No,Mailed check,20.05,20.05,No,No
Female,1,No,No,1,Yes,Fiber optic,Month-to-month,Yes,Electronic check,85.05,85.05,Yes,Yes
Female,1,Yes,No,1,Yes,Fiber optic,Month-to-month,Yes,Mailed check,70.45,70.45,Yes,Yes
Female,0,No,No,39,Yes,Fiber optic,Two year,Yes,Electronic check,80.45,3201.55,Yes,No
Male,1,Yes,No,8,Yes,DSL,Month-to-month,No,Bank transfer (automatic),60.9,551.95,No,No
Female,0,Yes,Yes,3,No,DSL,Month-to-month,Yes,Mailed check,31.0,95.05,Yes,No
Male,0,No,No,9,No,DSL,Month-to-month,Yes,Mailed check,24.6,190.1,No,No
Male,0,Yes,Yes,22,Yes,Fiber optic,One year,Yes,Mailed check,100.05,2090.25,No,No
Male,0,No,No,10,Yes,DSL,Month-to-month,Yes,Mailed check,51.65,524.5,No,No
Male,1,No,No,1,Yes,DSL,Month-to-month,No,Electronic check,45.1,45.1,Yes,No
Male,0,Yes,Yes,42,Yes,DSL,Month-to-month,Yes,Bank transfer (automatic),69.4,3058.3,No,No
Female,0,Yes,Yes,47,Yes,No,Two year,No,Bank transfer (automatic),19.3,890.5,No,No
Male,0,Yes,Yes,71,Yes,DSL,One year,No,Electronic check,85.45,6300.85,No,No
Female,0,Yes,Yes,58,Yes,Fiber optic,One year,Yes,Credit card (automatic),105.2,6225.4,No,No
Female,0,No,Yes,46,Yes,Fiber optic,One year,Yes,Bank transfer (automatic),105.2,4822.85,Yes,No
Female,0,Yes,Yes,66,Yes,DSL,Two year,Yes,Credit card (automatic),58.2,3810.8,No,No
Female,0,Yes,Yes,19,Yes,Fiber optic,One year,Yes,Bank transfer (automatic),89.35,1686.85,No,No
Male,0,No,No,38,Yes,DSL,Month-to-month,No,Electronic check,69.95,2657.55,No,No
Male,1,Yes,No,59,Yes,Fiber optic,One year,Yes,Credit card (automatic),82.95,4903.15,No,No
Female,0,Yes,No,44,Yes,DSL,One year,Yes,Mailed check,61.5,2722.2,No,No
Male,0,No,No,7,Yes,Fiber optic,Month-to-month,No,Mailed check,74.35,533.6,No,No
Male,0,Yes,Yes,20,No,DSL,Two year,Yes,Credit card (automatic),39.4,825.4,No,No
Male,0,No,Yes,22,Yes,Fiber optic,Month-to-month,Yes,Electronic check,89.4,2001.5,Yes,Yes
Male,0,Yes,No,48,Yes,Fiber optic,Month-to-month,Yes,Bank transfer (automatic),111.45,5315.1,No,No
Male,0,No,No,72,Yes,DSL,Two year,Yes,Bank transfer (automatic),88.6,6201.95,No,No
Male,0,No,No,19,Yes,DSL,Month-to-month,No,Mailed check,69.6,1394.55,No,No
Male,0,No,No,1,Yes,DSL,Month-to-month,No,Mailed check,55.55,55.55,No,No
Female,1,No,No,2,Yes,Fiber optic,Month-to-month,Yes,Electronic check,70.65,142.35,Yes,Yes
Male,0,No,No,3,Yes,Fiber optic,Month-to-month,Yes,Mailed check,89.85,244.45,No,Yes
Male,1,No,No,63,Yes,Fiber optic,Month-to-month,Yes,Bank transfer (automatic),109.4,7031.45,No,No
Female,1,No,No,72,Yes,Fiber optic,Two year,Yes,Bank transfer (automatic),110.1,7746.7,No,No
Male,0,No,No,3,Yes,Fiber optic,Month-to-month,Yes,Credit card (automatic),73.6,232.5,No,Yes
Female,0,Yes,Yes,67,No,DSL,Two year,No,Credit card (automatic),35.7,2545.7,No,No
Male,0,Yes,Yes,68,Yes,Fiber optic,Two year,Yes,Electronic check,113.15,7856.0,Yes,No
Female,0,No,Yes,65,No,DSL,Two year,No,Mailed check,45.25,2933.95,No,No
Male,0,No,No,54,No,DSL,Two year,No,Bank transfer (automatic),46.2,2431.95,No,No
Female,0,No,No,16,Yes,Fiber optic,Month-to-month,Yes,Credit card (automatic),95.6,1555.65,Yes,Yes
Male,0,No,No,17,Yes,No,One year,Yes,Mailed check,20.5,365.8,No,No
Male,0,No,No,18,Yes,Fiber optic,Month-to-month,Yes,Bank transfer (automatic),75.6,1395.05,No,No
Male,0,No,No,9,Yes,Fiber optic,Month-to-month,No,Mailed check,70.05,657.5,No,No
Male,1,Yes,No,70,Yes,Fiber optic,One year,Yes,Electronic check,104.8,7308.95,No,No
Male,1,No,No,24,Yes,DSL,Month-to-month,No,Credit card (automatic),54.8,1291.3,No,No
Male,0,No,No,41,Yes,No,Two year,No,Mailed check,20.15,802.35,No,No
Male,0,Yes,Yes,72,Yes,DSL,Two year,Yes,Bank transfer (automatic),80.85,5727.45,No,No
Male,0,No,No,10,Yes,Fiber optic,One year,Yes,Electronic check,98.9,1064.95,No,Yes
Female,0,No,No,11,Yes,DSL,Month-to-month,No,Bank transfer (automatic),64.05,733.95,No,No
Female,0,No,No,35,Yes,DSL,Month-to-month,Yes,Electronic check,62.1,2096.1,No,No
Female,1,No,No,2,Yes,Fiber optic,Month-to-month,Yes,Electronic check,79.6,195.05,Yes,Yes
Male,0,No,No,7,Yes,No,Two year,No,Mailed check,19.45,165.35,No,No
Male,0,No,No,1,Yes,No,Month-to-month,No,Mailed check,20.3,20.3,No,No
Female,0,Yes,Yes,60,Yes,DSL,Two year,Yes,Bank transfer (automatic),80.6,4946.7,No,No
Female,0,No,No,14,Yes,DSL,One year,No,Credit card (automatic),51.45,727.85,No,No
Male,1,Yes,No,10,Yes,Fiber optic,Month-to-month,No,Electronic check,85.55,851.75,Yes,Yes
Male,0,Yes,No,33,Yes,Fiber optic,Month-to-month,Yes,Electronic check,93.35,3092.0,No,Yes
Male,0,No,No,4,Yes,No,One year,No,Mailed check,19.7,117.8,No,No
Female,0,No,No,5,Yes,DSL,Month-to-month,No,Credit card (automatic),55.8,300.4,No,No
Female,0,No,No,44,Yes,DSL,Month-to-month,Yes,Mailed check,50.15,2139.1,No,No
Male,0,No,No,10,Yes,Fiber optic,Month-to-month,Yes,Electronic check,70.0,740.0,Yes,Yes
Male,0,No,Yes,25,Yes,Fiber optic,Month-to-month,Yes,Electronic check,95.9,2448.75,Yes,Yes
Female,0,Yes,Yes,72,Yes,DSL,Two year,No,Credit card (automatic),90.95,6652.45,No,No
Male,0,Yes,Yes,35,Yes,Fiber optic,One year,Yes,Electronic check,89.7,3165.6,No,No
Male,0,Yes,Yes,45,Yes,No,Two year,No,Electronic check,19.2,903.7,No,No
Male,0,Yes,No,8,Yes,Fiber optic,Month-to-month,No,Electronic check,75.0,632.95,Yes,Yes
Male,0,No,No,1,No,DSL,Month-to-month,No,Mailed check,25.35,25.35,No,No
Male,0,No,Yes,33,Yes,No,One year,Yes,Mailed check,20.15,682.15,No,No
Male,0,Yes,Yes,57,Yes,No,Two year,No,Mailed check,20.75,1123.15,No,No
Male,1,Yes,No,55,Yes,DSL,One year,No,Credit card (automatic),60.0,3316.1,No,No
Male,0,No,No,1,Yes,No,Month-to-month,No,Bank transfer (automatic),19.65,19.65,No,No
Female,0,Yes,Yes,69,Yes,No,Two year,No,Bank transfer (automatic),20.2,1412.65,No,No
Male,1,Yes,No,57,Yes,Fiber optic,Month-to-month,Yes,Bank transfer (automatic),95.25,5427.05,Yes,No
Female,0,Yes,Yes,36,Yes,DSL,Month-to-month,No,Credit card (automatic),51.05,1815.0,No,No
Female,0,Yes,No,32,Yes,Fiber optic,Month-to-month,No,Bank transfer (automatic),84.15,2585.95,Yes,No
Female,1,No,No,1,Yes,DSL,Month-to-month,No,Mailed check,50.55,50.55,Yes,No
Female,0,No,No,3,Yes,Fiber optic,Month-to-month,Yes,Electronic check,79.4,244.65,Yes,Yes
Female,1,Yes,Yes,34,Yes,Fiber optic,Month-to-month,Yes,Mailed check,79.6,2718.3,Yes,No
Female,1,No,No,1,No,DSL,Month-to-month,Yes,Electronic check,25.2,25.2,Yes,Yes
Male,0,Yes,No,61,Yes,DSL,Two year,Yes,Mailed check,81.05,4747.65,No,No
Female,0,Yes,Yes,1,Yes,Fiber optic,Month-to-month,Yes,Mailed check,80.05,80.05,Yes,Yes
Female,0,No,No,1,Yes,DSL,Month-to-month,Yes,Electronic check,54.9,54.9,Yes,Yes
Male,0,No,No,4,Yes,Fiber optic,Month-to-month,Yes,Electronic check,90.4,356.65,No,Yes
Female,0,No,No,4,No,DSL,Month-to-month,No,Mailed check,35.0,135.75,No,No
Male,0,No,No,1,Yes,No,Month-to-month,No,Credit card (automatic),19.3,19.3,No,No
Male,1,No,No,30,Yes,Fiber optic,Month-to-month,Yes,Credit card (automatic),90.5,2595.85,No,No
Male,0,Yes,Yes,50,Yes,No,One year,Yes,Mailed check,20.35,938.95,No,No
Male,1,Yes,No,27,Yes,Fiber optic,Month-to-month,Yes,Electronic check,95.55,2510.2,Yes,Yes
Male,1,Yes,No,36,Yes,Fiber optic,Month-to-month,Yes,Credit card (automatic),85.25,3132.75,Yes,No
Female,0,No,No,10,Yes,DSL,Month-to-month,Yes,Mailed check,60.95,629.55,No,No
Female,0,Yes,Yes,30,No,DSL,Month-to-month,No,Credit card (automatic),51.2,1561.5,Yes,No
Female,0,No,No,29,Yes,DSL,One year,No,Credit card (automatic),58.0,1734.5,No,No
Male,1,Yes,No,14,Yes,Fiber optic,Month-to-month,Yes,Electronic check,75.1,1013.35,No,Yes
Female,0,Yes,No,51,Yes,Fiber optic,One year,Yes,Electronic check,93.5,4619.55,No,No
Male,0,No,Yes,41,Yes,DSL,One year,No,Mailed check,70.2,2894.55,No,No
Male,0,Yes,No,50,Yes,Fiber optic,One year,Yes,Electronic check,103.95,5231.3,No,No
Male,0,Yes,No,70,Yes,Fiber optic,Two year,Yes,Credit card (automatic),99.35,6944.5,No,No
Male,0,No,No,5,Yes,Fiber optic,Month-to-month,Yes,Electronic check,85.3,424.15,Yes,Yes
Male,0,Yes,No,23,Yes,DSL,Month-to-month,Yes,Bank transfer (automatic),59.95,1406.0,No,No
Female,0,No,No,5,Yes,No,Month-to-month,Yes,Mailed check,20.5,104.3,No,No
Male,0,No,No,1,Yes,DSL,Month-to-month,No,Mailed check,62.05,62.05,Yes,No
Female,1,Yes,No,11,Yes,Fiber optic,Month-to-month,Yes,Electronic check,99.55,1131.2,Yes,Yes
Male,0,No,No,10,Yes,Fiber optic,Month-to-month,Yes,Electronic check,89.5,863.1,Yes,Yes
Female,0,No,No,6,Yes,No,Month-to-month,No,Mailed check,20.0,109.2,No,No
Female,1,No,No,7,Yes,DSL,Month-to-month,Yes,Electronic check,48.2,340.35,No,No
Male,0,Yes,Yes,72,No,DSL,Two year,No,Credit card (automatic),45.25,3139.8,No,No
Female,1,No,No,20,Yes,Fiber optic,Month-to-month,Yes,Electronic check,94.1,1782.4,Yes,Yes
Male,0,Yes,Yes,22,Yes,DSL,Month-to-month,Yes,Mailed check,57.95,1271.8,No,No
Female,1,Yes,No,4,Yes,Fiber optic,Month-to-month,Yes,Electronic check,83.25,308.05,No,Yes
Male,0,No,No,42,Yes,Fiber optic,One year,Yes,Electronic check,99.0,4298.45,No,No
Female,0,Yes,No,15,Yes,Fiber optic,Month-to-month,Yes,Electronic check,84.3,1308.4,Yes,Yes
Male,0,No,No,39,No,DSL,Month-to-month,Yes,Credit card (automatic),48.95,1880.85,Yes,No
Female,0,Yes,Yes,1,Yes,DSL,Month-to-month,No,Mailed check,50.45,50.45,Yes,No
Male,1,No,No,22,Yes,Fiber optic,Month-to-month,Yes,Bank transfer (automatic),90.5,1910.6,Yes,Yes
Male,0,No,No,24,Yes,DSL,Month-to-month,Yes,Mailed check,49.7,1218.25,No,No
Male,0,No,No,1,Yes,No,Month-to-month,Yes,Mailed check,20.1,20.1,Yes,No
Male,0,No,No,39,Yes,Fiber optic,Two year,Yes,Electronic check,100.45,3801.7,No,No
Male,0,No,No,3,Yes,DSL,Month-to-month,Yes,Electronic check,69.35,191.35,Yes,No
Male,0,No,No,1,No,DSL,Month-to-month,No,Mailed check,24.4,24.4,No,No
Female,0,No,No,7,No,DSL,Month-to-month,Yes,Credit card (automatic),40.1,293.3,Yes,No
Female,0,Yes,No,46,Yes,DSL,Two year,Yes,Credit card (automatic),64.2,3009.5,No,No
Male,0,No,No,46,No,DSL,Month-to-month,No,Bank transfer (automatic),30.3,1380.1,Yes,No
Female,0,No,No,7,Yes,No,Month-to-month,No,Mailed check,20.65,155.9,No,No
Male,0,No,No,9,No,DSL,Month-to-month,Yes,Credit card (automatic),34.7,296.1,Yes,No
Male,0,Yes,Yes,18,Yes,No,One year,No,Bank transfer (automatic),19.8,342.3,No,No
Female,0,No,No,22,Yes,Fiber optic,Month-to-month,Yes,Bank transfer (automatic),84.15,1821.95,No,No
Female,0,Yes,Yes,70,Yes,DSL,Two year,Yes,Bank transfer (automatic),80.6,5460.2,No,No
Female,1,No,No,45,Yes,DSL,Month-to-month,Yes,Electronic check,70.05,3062.45,No,No
Female,0,Yes,Yes,29,Yes,No,One year,No,Electronic check,20.0,540.05,No,No
Female,0,No,No,1,Yes,Fiber optic,Month-to-month,Yes,Electronic check,75.7,75.7,Yes,Yes
Female,1,Yes,No,17,Yes,Fiber optic,Month-to-month,Yes,Electronic check,92.55,1614.7,No,Yes
Female,0,No,No,13,Yes,Fiber optic,One year,Yes,Mailed check,74.65,966.25,No,No
Male,0,No,No,2,Yes,Fiber optic,Month-to-month,Yes,Electronic check,80.2,181.1,Yes,Yes
Female,0,No,No,6,Yes,Fiber optic,Month-to-month,Yes,Credit card (automatic),109.9,669.45,Yes,Yes
Male,0,No,No,1,Yes,No,Month-to-month,No,Mailed check,20.15,20.15,Yes,No
Male,0,No,No,46,No,DSL,One year,Yes,Bank transfer (automatic),30.75,1489.3,No,No
Female,0,No,No,8,Yes,No,Two year,No,Mailed check,20.85,161.65,No,No
Female,0,No,No,1,Yes,Fiber optic,Month-to-month,Yes,Electronic check,70.6,70.6,Yes,Yes
Female,0,Yes,Yes,1,Yes,Fiber optic,Month-to-month,Yes,Electronic check,102.45,102.45,Yes,Yes
Female,0,No,No,7,Yes,DSL,Month-to-month,Yes,Mailed check,59.5,415.95,Yes,No
Male,0,Yes,No,71,Yes,Fiber optic,Two year,Yes,Electronic check,99.0,6994.6,No,No
Male,0,No,No,1,Yes,DSL,Month-to-month,No,Mailed check,50.75,50.75,No,No
Female,0,No,No,12,No,DSL,One year,No,Electronic check,60.65,743.3,No,No
Male,0,Yes,Yes,4,Yes,No,Two year,No,Mailed check,19.9,76.65,No,No
Female,0,Yes,No,41,Yes,No,Two year,No,Credit card (automatic),20.65,875.55,No,No
Male,0,No,No,11,Yes,DSL,Month-to-month,No,Credit card (automatic),45.2,492.0,No,No
Female,0,No,No,5,Yes,DSL,Month-to-month,Yes,Mailed check,50.6,249.95,Yes,No
Female,0,Yes,No,18,Yes,No,Two year,No,Mailed check,20.1,370.5,No,No
Female,1,No,No,2,Yes,DSL,Month-to-month,Yes,Credit card (automatic),56.55,118.25,No,No
Female,0,No,No,56,No,DSL,Two year,No,Bank transfer (automatic),45.05,2560.1,No,No
Male,0,Yes,No,71,Yes,Fiber optic,Two year,Yes,Electronic check,116.25,8564.75,No,No
Male,0,No,No,2,Yes,Fiber optic,Month-to-month,Yes,Electronic check,79.95,174.45,No,Yes
Female,0,Yes,Yes,37,Yes,Fiber optic,Month-to-month,Yes,Electronic check,95.25,3314.15,No,No
Female,1,Yes,No,61,Yes,Fiber optic,One year,Yes,Credit card (automatic),104.4,6405.0,Yes,No
Female,0,No,No,4,Yes,Fiber optic,Month-to-month,Yes,Bank transfer (automatic),76.65,333.6,Yes,Yes
Female,0,Yes,No,28,Yes,Fiber optic,Month-to-month,Yes,Electronic check,104.8,3046.05,Yes,Yes
Male,0,Yes,No,32,Yes,Fiber optic,Month-to-month,Yes,Electronic check,78.9,2447.95,Yes,No
Female,1,No,No,35,Yes,Fiber optic,Month-to-month,No,Electronic check,70.55,2419.0,No,No
Female,1,No,No,41,Yes,Fiber optic,Month-to-month,Yes,Electronic check,113.2,4689.5,Yes,Yes
Male,0,No,No,12,Yes,Fiber optic,One year,No,Electronic check,95.7,1184.0,No,No
Male,0,No,No,34,Yes,Fiber optic,Month-to-month,Yes,Electronic check,106.35,3549.25,Yes,Yes
Male,0,No,No,27,Yes,DSL,Month-to-month,No,Mailed check,50.35,1411.35,No,No
Male,0,Yes,No,44,Yes,Fiber optic,One year,Yes,Bank transfer (automatic),90.65,3974.15,No,No
Male,0,No,No,1,Yes,No,Month-to-month,Yes,Mailed check,19.9,19.9,No,No
Male,0,Yes,Yes,69,Yes,Fiber optic,Month-to-month,Yes,Credit card (automatic),99.45,7007.6,Yes,No
Male,0,No,No,2,Yes,DSL,Month-to-month,Yes,Mailed check,50.3,92.75,No,No
Female,0,Yes,Yes,44,Yes,Fiber optic,One year,No,Electronic check,94.4,4295.35,No,No
Female,0,No,No,21,Yes,No,Two year,Yes,Credit card (automatic),20.85,435.25,No,No
Female,0,No,No,12,Yes,Fiber optic,Month-to-month,Yes,Bank transfer (automatic),89.75,1052.4,Yes,Yes
Male,1,Yes,No,71,Yes,No,Two year,No,Credit card (automatic),25.45,1789.65,No,No
Male,0,No,No,19,Yes,DSL,One year,Yes,Bank transfer (automatic),65.35,1231.85,No,No
Female,0,No,No,21,Yes,Fiber optic,Month-to-month,Yes,Credit card (automatic),99.85,1992.55,No,Yes
Female,0,No,No,37,Yes,Fiber optic,Month-to-month,Yes,Bank transfer (automatic),101.9,3545.35,Yes,No
Male,1,Yes,No,34,Yes,Fiber optic,Month-to-month,Yes,Electronic check,75.55,2425.4,No,Yes
Female,0,No,No,13,Yes,DSL,One year,No,Mailed check,55.15,742.9,No,No
Male,0,Yes,Yes,69,No,DSL,Two year,No,Mailed check,39.1,2779.5,No,No
Female,0,Yes,No,3,Yes,Fiber optic,Month-to-month,No,Electronic check,94.9,273.2,No,Yes
Male,0,Yes,Yes,66,Yes,DSL,Two year,Yes,Bank transfer (automatic),63.3,4189.7,No,No
Female,0,Yes,No,6,Yes,Fiber optic,Month-to-month,Yes,Electronic check,90.75,512.25,No,Yes
Male,0,No,No,37,No,DSL,Two year,Yes,Mailed check,40.55,1390.85,No,No
Male,0,Yes,Yes,71,Yes,Fiber optic,Two year,No,Electronic check,105.55,7405.5,No,No
Female,0,No,No,46,Yes,Fiber optic,Month-to-month,No,Bank transfer (automatic),96.05,4399.5,Yes,No
Female,0,No,No,35,Yes,No,One year,No,Mailed check,21.1,741.0,No,No
Male,0,Yes,No,72,Yes,Fiber optic,Two year,No,Credit card (automatic),114.45,8375.05,No,No
Female,0,No,No,15,Yes,Fiber optic,Month-to-month,Yes,Electronic check,100.15,1415.0,No,Yes
Female,0,Yes,Yes,65,Yes,DSL,Two year,No,Bank transfer (automatic),91.55,5963.95,No,No
Female,0,Yes,No,2,Yes,No,Month-to-month,No,Mailed check,20.35,41.85,No,No
Female,0,No,No,50,Yes,Fiber optic,Month-to-month,Yes,Electronic check,95.7,4729.75,No,No
Female,0,No,No,36,Yes,Fiber optic,Month-to-month,Yes,Credit card (automatic),94.8,3565.65,No,No
Male,0,No,No,6,Yes,Fiber optic,Month-to-month,Yes,Electronic check,69.1,435.0,No,Yes
Male,0,No,No,17,Yes,Fiber optic,Month-to-month,Yes,Electronic check,76.65,1313.55,Yes,Yes
Female,0,Yes,No,13,No,DSL,Month-to-month,Yes,Bank transfer (automatic),48.75,633.4,Yes,No
Male,0,No,No,4,Yes,Fiber optic,Month-to-month,Yes,Electronic check,79.9,324.3,Yes,Yes
Male,1,No,No,1,Yes,DSL,Month-to-month,No,Electronic check,45.2,45.2,No,No
Female,0,Yes,Yes,72,Yes,DSL,Two year,No,Credit card (automatic),66.75,4760.3,No,No
Female,0,Yes,Yes,6,Yes,No,Month-to-month,No,Mailed check,19.7,113.5,No,No
Male,0,No,No,14,Yes,Fiber optic,Month-to-month,Yes,Electronic check,92.9,1337.45,No,Yes
Male,0,Yes,Yes,4,Yes,DSL,Month-to-month,No,Electronic check,44.8,169.65,No,No
Female,0,No,No,2,Yes,Fiber optic,Month-to-month,Yes,Electronic check,75.55,166.3,Yes,Yes
Female,0,No,No,12,Yes,DSL,Month-to-month,Yes,Bank transfer (automatic),45.0,524.35,No,No
Female,0,Yes,No,72,Yes,DSL,Two year,Yes,Bank transfer (automatic),84.9,6065.3,No,No
Male,0,Yes,No,28,Yes,Fiber optic,Month-to-month,No,Bank transfer (automatic),76.55,2065.4,No,No
Female,0,No,No,5,Yes,No,Month-to-month,No,Mailed check,20.15,117.95,No,No
Female,1,Yes,No,52,Yes,Fiber optic,One year,Yes,Electronic check,106.5,5621.85,No,No
Female,0,Yes,Yes,21,Yes,DSL,Month-to-month,Yes,Electronic check,44.95,926.25,No,No
Female,0,No,No,2,Yes,Fiber optic,Month-to-month,No,Bank transfer (automatic),69.75,144.55,Yes,Yes
Male,0,Yes,Yes,1,Yes,Fiber optic,Month-to-month,Yes,Mailed check,69.9,69.9,Yes,Yes
Female,1,No,No,8,Yes,Fiber optic,Month-to-month,No,Electronic check,85.2,695.75,No,Yes
Female,0,No,No,20,No,DSL,Month-to-month,No,Credit card (automatic),24.9,505.95,No,No
Male,0,Yes,Yes,42,Yes,Fiber optic,One year,No,Electronic check,97.1,4016.75,No,No
Male,0,No,No,1,Yes,DSL,Month-to-month,Yes,Credit card (automatic),49.8,49.8,No,No
Female,0,Yes,No,10,Yes,DSL,Month-to-month,Yes,Credit card (automatic),67.8,653.15,No,No
Female,0,Yes,No,40,Yes,Fiber optic,One year,No,Bank transfer (automatic),105.75,4228.55,No,No
Male,0,Yes,Yes,18,Yes,DSL,Month-to-month,No,Electronic check,57.45,990.85,Yes,No
Female,0,No,No,64,Yes,Fiber optic,Two year,Yes,Bank transfer (automatic),115.1,7334.05,No,No
Female,0,Yes,Yes,52,Yes,No,Two year,Yes,Bank transfer (automatic),25.05,1270.25,No,No
Female,0,No,No,2,Yes,Fiber optic,Month-to-month,Yes,Electronic check,70.95,137.95,Yes,Yes
Male,1,No,No,14,Yes,Fiber optic,Month-to-month,Yes,Electronic check,74.95,1036.75,Yes,Yes
Female,0,Yes,Yes,67,Yes,Fiber optic,Two year,No,Credit card (automatic),94.1,6302.8,No,No
Male,0,Yes,No,64,Yes,DSL,One year,Yes,Mailed check,70.15,4480.7,No,No
Male,0,No,No,57,No,DSL,Month-to-month,Yes,Electronic check,53.75,3196.0,No,No
Female,0,No,No,2,Yes,DSL,Month-to-month,Yes,Mailed check,54.35,117.05,No,No
Male,0,Yes,No,37,Yes,No,Month-to-month,No,Bank transfer (automatic),20.35,697.65,No,No
Female,1,Yes,No,60,Yes,Fiber optic,Two year,Yes,Bank transfer (automatic),116.05,6925.9,No,No
Female,0,Yes,No,71,Yes,DSL,Two year,Yes,Credit card (automatic),84.4,5969.3,No,No
Female,0,No,No,52,Yes,No,One year,No,Mailed check,20.65,1022.95,No,No
Male,0,No,No,2,Yes,Fiber optic,Month-to-month,No,Electronic check,79.0,143.65,Yes,Yes
Male,0,No,No,1,Yes,DSL,Month-to-month,Yes,Electronic check,50.5,50.5,Yes,No
Male,0,No,No,13,Yes,Fiber optic,Month-to-month,Yes,Electronic check,70.15,931.75,No,Yes
Female,0,Yes,No,46,No,DSL,Month-to-month,No,Electronic check,45.55,2062.15,No,No
Male,0,No,No,23,Yes,Fiber optic,Month-to-month,Yes,Electronic check,90.6,1943.2,Yes,Yes
Female,1,Yes,No,71,Yes,Fiber optic,Two year,Yes,Electronic check,99.4,7168.25,No,No
Male,0,No,Yes,19,Yes,No,Month-to-month,Yes,Credit card (automatic),24.1,439.2,No,No
Female,0,Yes,Yes,17,Yes,No,One year,No,Mailed check,20.75,418.25,No,No
Female,0,No,No,8,Yes,Fiber optic,Month-to-month,Yes,Credit card (automatic),74.6,548.9,No,Yes
Male,0,Yes,Yes,34,Yes,DSL,One year,No,Bank transfer (automatic),77.2,2753.8,No,No
Male,0,No,No,26,Yes,DSL,One year,No,Bank transfer (automatic),75.0,1908.35,No,No
Female,0,No,No,16,Yes,No,One year,No,Mailed check,19.05,326.65,No,No
Male,0,Yes,No,49,No,DSL,Two year,No,Credit card (automatic),49.65,2409.9,No,No
Female,0,No,Yes,16,Yes,No,One year,Yes,Bank transfer (automatic),19.3,360.35,No,No
Female,0,Yes,Yes,34,Yes,No,Month-to-month,No,Mailed check,20.65,716.4,No,No
Male,0,No,No,63,Yes,DSL,One year,No,Bank transfer (automatic),68.8,4111.35,No,No
Male,0,Yes,Yes,43,Yes,No,Two year,No,Mailed check,24.25,1077.95,No,No
Male,0,Yes,Yes,62,Yes,Fiber optic,Month-to-month,Yes,Electronic check,105.5,6487.2,No,No
Female,0,Yes,Yes,6,Yes,DSL,Month-to-month,Yes,Mailed check,48.8,297.35,No,No
Female,1,Yes,No,26,Yes,DSL,One year,No,Mailed check,60.7,1597.4,No,No
Male,1,No,No,32,Yes,Fiber optic,Month-to-month,Yes,Credit card (automatic),81.1,2619.25,No,No
Female,1,Yes,No,72,Yes,Fiber optic,One year,Yes,Credit card (automatic),105.75,7629.85,No,No
Male,0,Yes,Yes,35,Yes,No,One year,No,Bank transfer (automatic),20.05,746.75,No,No
Female,0,No,Yes,26,Yes,DSL,Month-to-month,Yes,Mailed check,49.5,1265.65,No,No
Female,1,No,No,5,Yes,Fiber optic,Month-to-month,Yes,Credit card (automatic),75.55,349.65,Yes,Yes
Female,0,No,No,1,Yes,No,Month-to-month,No,Electronic check,20.7,20.7,No,No
Female,0,No,No,22,Yes,No,One year,No,Bank transfer (automatic),20.85,450.65,No,No
Male,0,No,No,68,Yes,Fiber optic,One year,Yes,Credit card (automatic),117.2,8035.95,No,No
Female,0,Yes,No,69,Yes,Fiber optic,One year,Yes,Credit card (automatic),95.65,6744.2,No,No
Male,0,Yes,No,59,Yes,Fiber optic,One year,No,Electronic check,85.55,5084.65,Yes,No
Male,0,Yes,Yes,2,Yes,Fiber optic,Month-to-month,No,Mailed check,69.95,143.9,No,No
Male,1,Yes,No,57,Yes,Fiber optic,Month-to-month,No,Electronic check,100.6,5746.15,Yes,No
Female,0,No,No,3,Yes,Fiber optic,Month-to-month,Yes,Electronic check,96.6,291.9,Yes,Yes
Male,0,No,No,16,Yes,DSL,Month-to-month,Yes,Bank transfer (automatic),71.4,1212.1,No,No
Female,0,No,No,71,Yes,Fiber optic,Two year,Yes,Credit card (automatic),113.15,7993.3,No,No
Female,0,Yes,No,72,Yes,No,Two year,No,Bank transfer (automatic),20.05,1423.65,No,No
Female,0,No,No,29,No,DSL,Month-to-month,Yes,Electronic check,31.2,926.2,No,No
Male,1,No,No,11,Yes,Fiber optic,Month-to-month,Yes,Electronic check,78.5,874.2,No,Yes
Female,0,No,No,1,Yes,Fiber optic,Month-to-month,Yes,Electronic check,74.5,74.5,Yes,Yes
Male,1,No,No,5,Yes,No,Month-to-month,No,Bank transfer (automatic),20.05,94.15,No,No
Female,0,No,No,16,Yes,Fiber optic,Month-to-month,Yes,Credit card (automatic),74.75,1129.35,No,Yes
Female,0,Yes,No,49,Yes,DSL,Month-to-month,Yes,Credit card (automatic),52.15,2583.75,No,No
Male,0,Yes,Yes,18,Yes,Fiber optic,Month-to-month,No,Mailed check,95.15,1779.95,Yes,No
Female,0,Yes,Yes,61,Yes,Fiber optic,One year,Yes,Credit card (automatic),100.7,6018.65,No,No
Female,0,Yes,Yes,46,Yes,No,One year,No,Mailed check,24.95,1165.9,No,No
Female,0,Yes,No,63,Yes,Fiber optic,One year,Yes,Credit card (automatic),81.15,5224.5,No,No
Male,0,No,No,3,Yes,Fiber optic,Month-to-month,No,Electronic check,90.4,268.45,No,Yes
Female,0,No,No,55,Yes,Fiber optic,Month-to-month,Yes,Electronic check,73.1,4144.9,No,No
Male,1,No,No,1,Yes,Fiber optic,Month-to-month,Yes,Electronic check,69.75,69.75,Yes,Yes
Male,0,No,No,71,Yes,No,Two year,No,Bank transfer (automatic),25.55,1898.1,No,No
Male,0,Yes,Yes,8,Yes,No,Month-to-month,Yes,Mailed check,19.35,152.6,No,No
Female,0,No,No,25,No,DSL,One year,No,Electronic check,54.2,1423.15,No,No
Male,0,Yes,No,31,Yes,DSL,Month-to-month,Yes,Credit card (automatic),66.4,2019.8,No,No
Male,0,Yes,No,10,Yes,DSL,Month-to-month,Yes,Credit card (automatic),54.95,568.85,No,No
Female,0,No,No,7,No,DSL,Month-to-month,No,Bank transfer (automatic),25.05,189.95,No,No
Female,0,No,No,15,Yes,No,Month-to-month,No,Mailed check,19.9,320.45,No,No
Female,0,Yes,No,6,Yes,No,Month-to-month,No,Bank transfer (automatic),19.5,146.3,Yes,No
Female,0,No,Yes,3,Yes,DSL,Month-to-month,Yes,Bank transfer (automatic),64.5,177.4,No,No
Male,0,No,No,66,Yes,No,Two year,No,Bank transfer (automatic),19.7,1253.8,No,No
Male,1,No,No,33,Yes,Fiber optic,Month-to-month,Yes,Credit card (automatic),83.85,2716.3,Yes,No
Male,0,No,No,1,Yes,DSL,Month-to-month,No,Mailed check,55.05,55.05,No,No
Male,0,No,Yes,66,Yes,No,Two year,Yes,Credit card (automatic),25.3,1673.8,No,No
Male,1,No,No,47,Yes,Fiber optic,Month-to-month,Yes,Credit card (automatic),86.05,3865.6,No,No
Male,0,No,No,1,Yes,Fiber optic,Month-to-month,Yes,Credit card (automatic),90.85,90.85,Yes,Yes
Male,0,Yes,Yes,25,Yes,DSL,Month-to-month,No,Electronic check,54.3,1296.8,No,No
Male,1,No,No,54,No,DSL,One year,Yes,Electronic check,55.45,2966.95,No,No
Male,0,No,No,16,Yes,Fiber optic,Month-to-month,Yes,Mailed check,80.55,1248.9,No,Yes
Male,0,Yes,No,3,No,DSL,Month-to-month,No,Mailed check,35.1,101.1,No,No
Male,0,Yes,Yes,9,No,DSL,Month-to-month,Yes,Electronic check,29.95,248.95,Yes,No
Male,0,No,No,3,Yes,Fiber optic,Month-to-month,Yes,Mailed check,70.3,220.4,No,Yes
Female,0,Yes,No,72,Yes,No,Two year,No,Bank transfer (automatic),24.65,1830.05,No,No
Male,0,No,No,1,Yes,DSL,Month-to-month,Yes,Electronic check,49.3,49.3,No,No
Male,0,Yes,Yes,68,Yes,DSL,Two year,Yes,Credit card (automatic),92.2,6392.85,No,No
Female,0,No,No,8,Yes,Fiber optic,Month-to-month,Yes,Electronic check,87.05,762.1,Yes,Yes
Female,0,No,No,3,Yes,Fiber optic,Month-to-month,Yes,Electronic check,75.8,246.3,Yes,Yes
Male,0,Yes,No,8,Yes,Fiber optic,Month-to-month,Yes,Bank transfer (automatic),85.65,659.45,No,Yes
Female,1,No,No,4,Yes,Fiber optic,Month-to-month,Yes,Electronic check,89.2,346.2,Yes,Yes
Male,0,No,No,1,Yes,No,Month-to-month,No,Mailed check,20.25,20.25,Yes,No
Female,1,No,No,2,Yes,Fiber optic,Month-to-month,No,Electronic check,89.5,161.5,Yes,Yes
Male,0,Yes,No,12,Yes,Fiber optic,Month-to-month,Yes,Electronic check,84.6,959.9,No,Yes
Male,1,No,No,18,Yes,DSL,Month-to-month,Yes,Credit card (automatic),58.4,964.9,No,No
Female,1,Yes,No,50,Yes,Fiber optic,Month-to-month,Yes,Electronic check,95.05,4888.7,Yes,No
Male,0,No,No,5,Yes,No,Month-to-month,No,Mailed check,20.25,109.8,No,No
Male,1,Yes,No,72,No,DSL,Two year,Yes,Credit card (automatic),64.95,4546.0,No,No
Male,0,No,No,4,Yes,Fiber optic,Month-to-month,No,Electronic check,90.65,367.95,No,Yes
Female,0,No,Yes,13,Yes,Fiber optic,One year,Yes,Credit card (automatic),104.15,1299.1,No,No
Male,0,No,No,46,Yes,Fiber optic,Month-to-month,Yes,Credit card (automatic),89.15,4245.55,No,No
Female,0,Yes,Yes,6,Yes,No,One year,No,Mailed check,19.7,94.45,No,No
Male,1,No,No,62,Yes,Fiber optic,One year,Yes,Bank transfer (automatic),110.75,7053.35,No,No
Female,1,Yes,No,56,Yes,DSL,One year,Yes,Credit card (automatic),68.45,4014.0,No,No
Male,0,Yes,No,29,No,DSL,Month-to-month,Yes,Electronic check,45.9,1332.4,No,No
Male,0,Yes,No,67,Yes,Fiber optic,One year,Yes,Bank transfer (automatic),88.4,5798.3,No,No
Male,0,Yes,No,46,No,DSL,Two year,No,Credit card (automatic),40.4,1842.7,No,No
Male,0,Yes,Yes,8,Yes,DSL,Month-to-month,Yes,Electronic check,54.4,475.1,No,No
Female,0,Yes,Yes,8,Yes,DSL,Month-to-month,Yes,Electronic check,68.55,564.35,No,No
Female,0,No,No,2,Yes,Fiber optic,Month-to-month,Yes,Electronic check,75.8,160.75,Yes,Yes
Male,0,No,No,1,Yes,No,Month-to-month,Yes,Mailed check,19.75,19.75,No,No
Male,0,No,No,54,Yes,DSL,Month-to-month,Yes,Mailed check,69.9,3883.3,No,No
Female,0,Yes,Yes,41,Yes,Fiber optic,Month-to-month,Yes,Bank transfer (automatic),94.9,3848.0,No,No
Male,0,Yes,Yes,38,Yes,DSL,Two year,Yes,Bank transfer (automatic),85.4,3297.0,No,No
Male,0,Yes,No,63,Yes,No,Two year,No,Mailed check,19.25,1237.65,No,No
Female,0,Yes,No,1,No,DSL,Month-to-month,No,Electronic check,35.0,35.0,No,Yes
Male,0,No,No,32,Yes,Fiber optic,Month-to-month,Yes,Credit card (automatic),93.4,2979.3,No,No
Female,0,No,No,61,Yes,Fiber optic,Month-to-month,No,Mailed check,89.2,5500.6,No,No
Female,0,Yes,No,59,Yes,DSL,One year,Yes,Electronic check,80.1,4693.2,No,No
Female,0,No,No,3,Yes,DSL,Month-to-month,No,Electronic check,64.6,174.2,No,No
Female,0,No,No,6,Yes,Fiber optic,Month-to-month,Yes,Mailed check,69.25,418.4,Yes,Yes
Female,0,No,No,68,Yes,DSL,One year,Yes,Credit card (automatic),54.45,3674.95,No,No
Female,0,No,No,34,Yes,DSL,One year,Yes,Bank transfer (automatic),79.95,2727.3,No,No
Male,1,No,No,3,Yes,Fiber optic,Month-to-month,Yes,Electronic check,77.0,237.75,Yes,Yes
Female,0,Yes,No,58,Yes,Fiber optic,One year,Yes,Credit card (automatic),110.65,6526.65,No,No
Female,0,Yes,Yes,69,Yes,DSL,Two year,Yes,Credit card (automatic),64.15,4254.1,No,No
Male,1,Yes,No,71,Yes,DSL,One year,Yes,Bank transfer (automatic),71.0,5012.1,No,No
Female,0,No,No,1,Yes,Fiber optic,Month-to-month,No,Bank transfer (automatic),73.5,73.5,Yes,Yes
Male,0,Yes,No,28,Yes,Fiber optic,Month-to-month,No,Credit card (automatic),96.6,2684.35,No,No
Female,1,No,No,19,Yes,Fiber optic,Month-to-month,Yes,Mailed check,105.0,2007.25,No,Yes
Female,0,Yes,No,72,Yes,DSL,Two year,Yes,Bank transfer (automatic),86.4,6058.95,No,No
Male,0,No,No,30,Yes,DSL,One year,No,Electronic check,70.4,2044.75,No,No
Female,0,Yes,Yes,33,Yes,No,Two year,No,Mailed check,20.1,670.35,No,No
Male,0,Yes,Yes,32,Yes,Fiber optic,One year,Yes,Electronic check,90.8,3023.85,No,No
Female,0,Yes,Yes,71,Yes,No,Two year,No,Bank transfer (automatic),24.7,1810.55,No,No
Male,0,No,No,52,No,DSL,One year,No,Mailed check,30.1,1623.4,No,No
Male,0,No,No,44,Yes,DSL,One year,No,Electronic check,65.4,2774.55,No,No
Male,0,Yes,Yes,71,Yes,DSL,Two year,No,Bank transfer (automatic),85.45,6029.9,No,No
Male,1,Yes,No,29,Yes,Fiber optic,One year,No,Bank transfer (automatic),90.1,2656.7,No,No
Female,0,Yes,No,57,Yes,No,Two year,No,Bank transfer (automatic),19.9,1115.6,No,No
Male,1,Yes,No,64,Yes,Fiber optic,One year,No,Credit card (automatic),80.3,5017.7,No,No
Female,0,No,No,15,Yes,Fiber optic,Month-to-month,No,Electronic check,86.2,1270.2,Yes,Yes
Male,0,Yes,Yes,72,Yes,DSL,Two year,Yes,Bank transfer (automatic),87.55,6463.15,No,No
Male,1,Yes,No,4,Yes,Fiber optic,Month-to-month,Yes,Electronic check,70.2,280.35,No,Yes
Female,1,Yes,No,8,Yes,Fiber optic,Month-to-month,Yes,Credit card (automatic),80.65,633.3,Yes,Yes
Female,0,Yes,No,46,Yes,DSL,Month-to-month,No,Bank transfer (automatic),55.0,2473.95,No,No
Female,0,Yes,Yes,55,Yes,Fiber optic,Two year,Yes,Credit card (automatic),69.05,3842.6,No,No
Female,0,Yes,Yes,40,Yes,DSL,Month-to-month,Yes,Mailed check,71.35,2847.2,No,No
Female,0,Yes,Yes,24,Yes,No,One year,No,Mailed check,19.9,533.5,No,No
Female,0,Yes,No,71,Yes,No,Two year,No,Bank transfer (automatic),25.0,1753.0,No,No
Female,1,No,No,46,Yes,DSL,One year,Yes,Credit card (automatic),69.1,3255.35,No,No
Female,0,Yes,No,13,Yes,DSL,One year,No,Electronic check,43.8,592.65,No,No
Male,0,No,No,22,Yes,No,One year,No,Credit card (automatic),20.3,467.15,No,No
Female,0,Yes,No,48,Yes,Fiber optic,One year,Yes,Electronic check,97.05,4692.95,No,No
Female,1,No,No,26,Yes,Fiber optic,Month-to-month,Yes,Electronic check,91.25,2351.8,Yes,Yes
Male,0,No,No,24,Yes,Fiber optic,Month-to-month,Yes,Electronic check,90.35,2238.5,Yes,Yes
Male,0,Yes,Yes,60,Yes,DSL,Month-to-month,Yes,Credit card (automatic),79.05,4663.4,No,No
Male,0,Yes,No,63,Yes,DSL,Two year,No,Mailed check,67.25,4234.15,No,No
Male,0,No,Yes,6,Yes,No,Month-to-month,No,Mailed check,26.35,184.05,No,No
Female,0,Yes,No,47,Yes,Fiber optic,Month-to-month,Yes,Electronic check,98.75,4533.7,Yes,No
Female,0,Yes,Yes,52,Yes,No,Two year,No,Bank transfer (automatic),20.1,1078.75,No,No
Male,0,No,No,66,Yes,Fiber optic,One year,Yes,Bank transfer (automatic),114.3,7383.7,No,No
Male,1,No,No,44,Yes,Fiber optic,Month-to-month,No,Electronic check,73.85,3122.4,No,No
Male,0,Yes,No,43,Yes,Fiber optic,One year,Yes,Bank transfer (automatic),84.25,3539.25,No,No
Female,0,Yes,Yes,71,Yes,Fiber optic,One year,Yes,Credit card (automatic),95.15,6770.85,No,No
Male,0,No,No,32,Yes,No,Two year,Yes,Bank transfer (automatic),20.05,614.45,No,No
Male,0,No,No,1,Yes,Fiber optic,Month-to-month,No,Electronic check,80.5,80.5,Yes,Yes
Male,0,No,No,3,Yes,Fiber optic,Month-to-month,Yes,Electronic check,100.95,329.95,Yes,Yes
Male,0,No,No,16,Yes,DSL,Month-to-month,Yes,Mailed check,49.45,799.0,No,No
Male,1,Yes,No,24,Yes,Fiber optic,Month-to-month,Yes,Electronic check,78.85,1772.25,Yes,Yes
Male,0,Yes,Yes,1,Yes,No,Month-to-month,No,Mailed check,19.2,19.2,No,No
Male,0,No,No,3,Yes,Fiber optic,Month-to-month,No,Credit card (automatic),85.7,256.75,No,Yes
Female,0,No,No,4,Yes,DSL,Month-to-month,Yes,Mailed check,64.4,253.0,No,No
Male,0,No,No,20,Yes,No,Two year,Yes,Mailed check,19.7,419.4,No,No
Male,0,No,No,46,Yes,No,Two year,No,Bank transfer (automatic),20.05,902.0,No,No
Male,0,No,No,9,Yes,DSL,Month-to-month,Yes,Mailed check,44.4,348.15,No,No
Male,1,Yes,Yes,35,Yes,DSL,Month-to-month,Yes,Electronic check,76.05,2747.2,No,No
Female,0,Yes,No,46,Yes,Fiber optic,Two year,Yes,Credit card (automatic),108.9,4854.3,No,No
Female,0,No,No,34,Yes,Fiber optic,Month-to-month,Yes,Mailed check,109.8,3587.25,Yes,No
Male,0,No,No,1,Yes,Fiber optic,Month-to-month,Yes,Electronic check,79.5,79.5,Yes,Yes
Female,0,Yes,No,14,Yes,Fiber optic,Month-to-month,Yes,Electronic check,78.1,1122.4,No,Yes
Male,0,Yes,No,61,No,DSL,Two year,Yes,Mailed check,62.15,3778.85,No,No
Female,0,Yes,Yes,11,Yes,No,Month-to-month,Yes,Mailed check,19.25,180.3,Yes,No
Male,0,Yes,No,4,Yes,Fiber optic,Month-to-month,Yes,Electronic check,80.35,307.4,Yes,Yes
Female,0,Yes,Yes,72,Yes,Fiber optic,Two year,No,Bank transfer (automatic),99.9,7251.7,No,No
Female,0,No,No,39,Yes,DSL,One year,Yes,Electronic check,47.85,1886.4,No,No
Female,0,Yes,No,19,Yes,Fiber optic,Month-to-month,Yes,Electronic check,86.85,1564.4,No,Yes
Female,0,No,Yes,1,Yes,Fiber optic,Month-to-month,Yes,Electronic check,69.65,69.65,Yes,Yes
Female,0,Yes,No,5,Yes,Fiber optic,Month-to-month,Yes,Electronic check,68.95,351.5,No,Yes
Male,0,No,No,22,Yes,No,Two year,No,Mailed check,25.25,566.5,No,No
Female,0,Yes,Yes,48,Yes,Fiber optic,Month-to-month,Yes,Credit card (automatic),105.25,4997.5,No,No
Male,1,Yes,No,16,Yes,Fiber optic,Month-to-month,Yes,Credit card (automatic),85.05,1391.15,No,Yes
Female,0,No,No,69,Yes,DSL,Two year,Yes,Mailed check,66.9,4577.9,No,No
Male,0,Yes,Yes,43,No,DSL,Month-to-month,No,Credit card (automatic),29.3,1224.05,No,No
Male,0,No,No,1,Yes,DSL,Month-to-month,Yes,Electronic check,53.95,53.95,Yes,No
Male,0,No,Yes,1,No,DSL,Month-to-month,No,Mailed check,24.2,24.2,No,No
Male,0,Yes,No,18,Yes,DSL,Month-to-month,Yes,Mailed check,49.55,878.35,Yes,No
Female,0,No,No,13,No,DSL,Month-to-month,Yes,Electronic check,31.05,347.25,Yes,Yes
Male,0,Yes,Yes,65,Yes,No,Two year,No,Mailed check,19.9,1292.6,No,No
Male,0,Yes,Yes,17,Yes,DSL,One year,Yes,Bank transfer (automatic),70.35,1201.65,No,No
Male,0,Yes,No,66,Yes,DSL,Two year,No,Bank transfer (automatic),91.7,6075.9,No,No
Male,0,Yes,Yes,68,Yes,Fiber optic,Two year,Yes,Bank transfer (automatic),114.7,7849.85,No,No
Female,0,No,No,3,Yes,Fiber optic,Month-to-month,No,Electronic check,83.75,247.25,Yes,Yes
Female,0,Yes,No,64,Yes,Fiber optic,One year,Yes,Electronic check,115.0,7396.15,No,No
Male,0,Yes,No,59,Yes,DSL,One year,No,Credit card (automatic),66.4,3958.2,No,No
Male,0,Yes,Yes,61,Yes,Fiber optic,One year,Yes,Electronic check,106.0,6547.7,Yes,No
Female,0,Yes,No,72,Yes,DSL,Two year,Yes,Bank transfer (automatic),91.15,6637.9,No,No
Male,0,No,No,35,Yes,Fiber optic,Month-to-month,No,Electronic check,83.15,2848.45,No,No
Female,0,Yes,Yes,61,No,DSL,Two year,No,Credit card (automatic),51.35,3244.4,No,No
Female,0,Yes,Yes,72,Yes,No,Two year,No,Credit card (automatic),24.25,1784.5,No,No
Male,0,No,No,72,Yes,No,Two year,Yes,Credit card (automatic),19.8,1468.75,No,No
Male,0,Yes,No,35,No,DSL,One year,No,Credit card (automatic),53.15,1930.9,No,No
Male,0,No,No,4,Yes,No,Month-to-month,Yes,Mailed check,19.65,67.55,No,No
Male,0,No,No,25,Yes,Fiber optic,Two year,No,Bank transfer (automatic),99.3,2513.5,No,No
Male,0,No,No,1,Yes,No,Month-to-month,No,Mailed check,19.8,19.8,Yes,No
Female,0,Yes,Yes,61,No,DSL,One year,Yes,Bank transfer (automatic),50.7,3088.75,No,No
Male,0,Yes,No,60,Yes,Fiber optic,One year,No,Bank transfer (automatic),102.5,6157.6,No,No
Male,0,No,No,1,Yes,Fiber optic,Month-to-month,Yes,Electronic check,88.35,88.35,Yes,Yes
Male,0,Yes,No,8,Yes,Fiber optic,Month-to-month,Yes,Electronic check,74.5,609.9,Yes,Yes
Male,0,Yes,Yes,1,Yes,Fiber optic,Month-to-month,Yes,Electronic check,70.0,70.0,Yes,Yes
Female,0,Yes,No,34,Yes,No,Month-to-month,No,Electronic check,24.7,780.2,No,No
Female,0,No,No,1,Yes,Fiber optic,Month-to-month,No,Mailed check,71.1,71.1,No,Yes
Female,0,Yes,Yes,27,Yes,Fiber optic,Month-to-month,No,Mailed check,74.4,1972.35,No,No
Female,0,Yes,Yes,59,Yes,DSL,Two year,Yes,Credit card (automatic),75.95,4542.35,No,No
Female,0,Yes,Yes,8,Yes,No,Month-to-month,No,Credit card (automatic),21.05,139.75,No,No
Male,0,Yes,Yes,47,Yes,Fiber optic,One year,Yes,Electronic check,96.1,4391.45,No,No
Male,0,No,Yes,62,Yes,DSL,One year,No,Bank transfer (automatic),56.15,3487.95,No,No
Male,0,Yes,Yes,60,Yes,Fiber optic,Two year,Yes,Electronic check,110.6,6586.85,No,No
Female,0,No,No,53,Yes,Fiber optic,One year,Yes,Credit card (automatic),106.95,5785.5,Yes,No
Female,0,Yes,No,16,No,DSL,Month-to-month,Yes,Electronic check,49.95,810.2,Yes,Yes
Male,0,Yes,No,68,Yes,Fiber optic,Month-to-month,Yes,Electronic check,107.7,7320.9,No,No
Male,0,Yes,Yes,44,Yes,No,One year,No,Electronic check,24.85,1013.6,No,No
Female,0,Yes,Yes,67,Yes,Fiber optic,One year,Yes,Bank transfer (automatic),100.25,6689.0,No,No
Female,0,No,No,2,Yes,Fiber optic,Month-to-month,No,Electronic check,80.55,184.1,Yes,Yes
Female,0,No,No,1,No,DSL,Month-to-month,No,Mailed check,24.4,24.4,No,No
Male,0,Yes,Yes,70,No,DSL,One year,No,Electronic check,60.35,4138.7,No,No
Male,0,No,No,2,Yes,No,One year,No,Credit card (automatic),19.3,28.3,Yes,No
Male,1,Yes,No,22,Yes,Fiber optic,Month-to-month,Yes,Bank transfer (automatic),89.75,1938.9,No,Yes
Male,0,No,No,1,No,DSL,Month-to-month,No,Mailed check,29.15,29.15,No,No
Female,1,Yes,No,71,Yes,Fiber optic,Two year,Yes,Bank transfer (automatic),109.7,7904.25,No,No
Male,0,Yes,No,3,Yes,No,Month-to-month,Yes,Mailed check,23.6,89.05,No,No
Female,1,Yes,No,72,Yes,Fiber optic,One year,No,Credit card (automatic),105.0,7578.05,No,No
Female,1,No,No,21,Yes,Fiber optic,Month-to-month,Yes,Bank transfer (automatic),95.4,2025.1,No,Yes
Female,0,Yes,Yes,8,Yes,No,Two year,No,Mailed check,19.05,201.7,No,No
Female,0,No,No,2,Yes,No,Month-to-month,No,Credit card (automatic),20.35,35.1,No,No
Female,0,No,No,40,Yes,Fiber optic,Month-to-month,No,Credit card (automatic),74.8,2971.7,No,No
Female,0,No,No,57,Yes,Fiber optic,Two year,Yes,Bank transfer (automatic),112.95,6465.0,Yes,No
Male,0,No,No,2,Yes,DSL,Month-to-month,No,Bank transfer (automatic),44.9,111.05,No,No
Female,1,No,No,7,Yes,Fiber optic,Month-to-month,No,Bank transfer (automatic),76.45,503.6,Yes,Yes
Male,0,No,No,43,Yes,No,Two year,No,Mailed check,19.55,876.15,No,No
Female,0,No,No,5,Yes,No,Month-to-month,No,Mailed check,19.95,109.6,No,No
Male,0,No,No,14,Yes,No,One year,No,Mailed check,19.35,324.8,No,No
Male,0,No,No,2,Yes,Fiber optic,Month-to-month,Yes,Electronic check,67.75,116.65,Yes,Yes
Male,0,No,No,35,Yes,No,One year,Yes,Mailed check,19.15,638.0,No,No
Male,1,No,No,16,Yes,Fiber optic,Month-to-month,Yes,Electronic check,86.6,1281.0,Yes,Yes
Female,1,Yes,No,48,Yes,DSL,One year,Yes,Bank transfer (automatic),58.95,2789.7,No,No
Female,0,Yes,No,55,Yes,Fiber optic,One year,Yes,Electronic check,94.75,5276.1,No,No
Male,0,No,No,12,Yes,DSL,Month-to-month,No,Bank transfer (automatic),50.25,593.75,Yes,No
Male,0,Yes,Yes,5,Yes,No,Month-to-month,No,Mailed check,19.45,86.05,No,No
Female,0,No,Yes,21,Yes,DSL,One year,No,Mailed check,64.85,1336.8,No,No
Female,0,Yes,Yes,49,Yes,Fiber optic,One year,No,Mailed check,100.45,4941.8,Yes,No
Male,0,No,No,65,Yes,Fiber optic,One year,No,Electronic check,93.55,6069.25,No,No
Female,1,No,No,23,Yes,Fiber optic,Month-to-month,Yes,Mailed check,79.35,1835.3,No,Yes
Female,1,No,No,18,Yes,Fiber optic,Month-to-month,Yes,Electronic check,84.95,1443.65,No,Yes
Female,0,Yes,No,6,Yes,DSL,Month-to-month,No,Electronic check,50.35,314.55,No,No
Female,0,No,Yes,4,Yes,Fiber optic,Month-to-month,No,Mailed check,89.6,365.65,Yes,No
Female,0,No,No,6,Yes,Fiber optic,Month-to-month,No,Electronic check,83.9,497.55,Yes,Yes
Female,0,Yes,Yes,69,Yes,No,Two year,No,Bank transfer (automatic),19.75,1375.4,No,No
Female,0,Yes,No,24,Yes,Fiber optic,Month-to-month,Yes,Mailed check,79.65,1928.7,No,No
Male,1,Yes,No,44,Yes,Fiber optic,One year,No,Mailed check,88.4,3912.9,Yes,No
Female,0,Yes,No,26,Yes,DSL,One year,Yes,Credit card (automatic),90.1,2312.55,No,No
Male,0,No,No,17,Yes,No,Month-to-month,No,Credit card (automatic),21.1,385.55,No,No
Male,0,Yes,No,69,No,DSL,One year,Yes,Credit card (automatic),60.8,4263.4,No,No
Male,0,Yes,No,61,Yes,Fiber optic,Two year,Yes,Electronic check,94.1,5638.3,Yes,No
Female,0,No,No,47,Yes,Fiber optic,Month-to-month,Yes,Electronic check,106.4,5127.95,Yes,No
Female,0,No,No,15,Yes,Fiber optic,Month-to-month,Yes,Bank transfer (automatic),83.2,1130.0,No,Yes
Male,0,No,No,27,Yes,DSL,Month-to-month,No,Mailed check,53.45,1461.45,No,No
Female,0,Yes,No,61,Yes,Fiber optic,Two year,Yes,Bank transfer (automatic),101.05,5971.25,No,No
Male,0,No,No,15,Yes,No,One year,No,Mailed check,19.8,304.6,No,No
Male,0,Yes,Yes,72,No,DSL,Two year,No,Bank transfer (automatic),60.95,4549.05,No,No
Female,0,No,Yes,24,Yes,No,One year,No,Bank transfer (automatic),21.05,531.55,No,No
Male,0,No,Yes,49,Yes,Fiber optic,One year,Yes,Credit card (automatic),109.2,5290.45,No,No
Male,0,No,No,35,Yes,No,One year,No,Bank transfer (automatic),26.2,954.9,No,No
Female,0,Yes,Yes,72,Yes,DSL,Two year,Yes,Bank transfer (automatic),84.2,5986.55,No,No
Male,0,No,No,9,Yes,No,Month-to-month,No,Credit card (automatic),19.7,180.7,No,No
Female,0,No,Yes,46,Yes,Fiber optic,Month-to-month,Yes,Electronic check,99.8,4391.25,No,No
Male,0,No,No,7,Yes,Fiber optic,Month-to-month,Yes,Bank transfer (automatic),98.05,713.0,Yes,Yes
Male,0,No,No,63,Yes,Fiber optic,Month-to-month,No,Electronic check,105.4,6713.2,No,No
Female,1,Yes,No,56,Yes,Fiber optic,One year,No,Electronic check,95.65,5471.75,No,No
Female,1,Yes,No,61,Yes,Fiber optic,Month-to-month,Yes,Credit card (automatic),94.2,5895.45,No,No
Male,0,Yes,Yes,72,Yes,Fiber optic,Two year,Yes,Electronic check,114.0,8093.15,No,No
Male,0,Yes,Yes,34,Yes,No,Month-to-month,No,Mailed check,20.8,635.9,No,No
Female,0,Yes,Yes,35,Yes,DSL,Month-to-month,No,Electronic check,72.25,2568.55,Yes,No
Male,0,No,No,1,Yes,No,Month-to-month,No,Mailed check,19.75,19.75,Yes,No
Male,0,Yes,Yes,54,Yes,No,Two year,No,Credit card (automatic),20.4,1090.6,No,No
Male,0,No,No,1,Yes,No,Month-to-month,No,Mailed check,19.65,19.65,No,No
Male,0,Yes,Yes,16,Yes,DSL,Month-to-month,No,Electronic check,84.9,1398.25,No,No
Male,1,Yes,No,4,No,DSL,Month-to-month,Yes,Electronic check,29.9,118.25,No,Yes
Female,1,No,No,11,Yes,Fiber optic,Month-to-month,Yes,Bank transfer (automatic),95.15,997.65,Yes,Yes
Female,0,Yes,Yes,57,Yes,DSL,One year,Yes,Bank transfer (automatic),70.1,3913.3,Yes,No
Male,0,No,No,1,Yes,No,Month-to-month,No,Mailed check,19.75,19.75,No,No
Female,0,No,No,54,Yes,Fiber optic,Month-to-month,No,Electronic check,111.1,6014.85,Yes,No
Female,0,No,No,2,Yes,No,Month-to-month,No,Mailed check,19.5,31.55,Yes,No
Female,0,Yes,No,23,Yes,DSL,Month-to-month,No,Electronic check,54.25,1221.55,No,No
Male,1,Yes,No,21,Yes,DSL,Month-to-month,Yes,Bank transfer (automatic),64.95,1339.8,No,No
Female,0,No,No,3,Yes,Fiber optic,Month-to-month,Yes,Electronic check,80.5,232.35,No,Yes
Female,0,Yes,Yes,7,Yes,DSL,Month-to-month,No,Mailed check,50.7,350.35,No,No
Male,0,No,No,11,Yes,Fiber optic,Month-to-month,No,Electronic check,84.8,888.75,No,Yes
Male,1,Yes,No,1,Yes,Fiber optic,Month-to-month,Yes,Electronic check,95.1,95.1,Yes,Yes
Female,0,No,No,2,Yes,No,Month-to-month,No,Electronic check,19.9,57.4,No,No
Female,0,Yes,No,16,Yes,No,Month-to-month,No,Mailed check,19.6,314.45,No,No
Male,1,No,No,24,Yes,Fiber optic,Month-to-month,Yes,Electronic check,76.1,1712.7,Yes,Yes
Male,0,No,No,36,Yes,No,One year,Yes,Credit card (automatic),20.35,695.85,No,No
Female,0,Yes,No,70,Yes,Fiber optic,One year,Yes,Electronic check,97.65,6982.5,No,No
Female,0,Yes,Yes,10,Yes,DSL,Month-to-month,No,Credit card (automatic),55.2,528.35,Yes,No
Male,0,Yes,Yes,40,Yes,Fiber optic,One year,Yes,Electronic check,85.05,3355.65,No,No
Male,0,No,No,44,Yes,Fiber optic,One year,Yes,Electronic check,106.05,4510.8,No,No
Male,1,No,No,69,Yes,DSL,Two year,No,Credit card (automatic),74.1,5031.0,No,No
Male,1,No,No,36,Yes,Fiber optic,Month-to-month,Yes,Electronic check,90.85,3186.7,Yes,Yes
Male,0,Yes,Yes,13,Yes,Fiber optic,Month-to-month,Yes,Credit card (automatic),74.4,896.75,Yes,No
Male,0,No,No,1,Yes,Fiber optic,Month-to-month,Yes,Electronic check,69.55,69.55,Yes,Yes
Male,0,No,No,26,Yes,DSL,One year,Yes,Credit card (automatic),51.55,1295.4,No,No
Male,0,Yes,No,72,Yes,No,Two year,Yes,Bank transfer (automatic),23.55,1723.95,No,No
Female,0,Yes,No,7,Yes,DSL,Month-to-month,No,Bank transfer (automatic),81.25,580.1,No,No
Female,1,No,No,45,Yes,Fiber optic,One year,Yes,Bank transfer (automatic),100.15,4459.8,No,No
Female,0,Yes,Yes,45,Yes,No,Two year,Yes,Bank transfer (automatic),20.0,886.4,No,No
Female,0,No,No,7,Yes,Fiber optic,Month-to-month,Yes,Bank transfer (automatic),75.1,552.95,Yes,Yes
Female,0,No,No,37,Yes,No,Two year,No,Mailed check,19.8,813.3,No,No
Female,0,No,No,25,Yes,Fiber optic,Two year,No,Electronic check,108.9,2809.05,No,No
Male,0,No,No,10,Yes,DSL,Month-to-month,Yes,Credit card (automatic),72.15,794.25,Yes,No
Female,0,No,No,22,Yes,DSL,Month-to-month,Yes,Electronic check,49.8,1049.05,No,No
Female,0,No,No,55,Yes,DSL,Month-to-month,Yes,Credit card (automatic),50.55,2832.75,No,No
Female,0,Yes,No,58,Yes,DSL,One year,Yes,Electronic check,68.4,3972.25,No,No
Female,0,No,No,11,Yes,No,One year,No,Electronic check,25.2,245.15,No,No
Female,0,No,No,67,Yes,DSL,Two year,Yes,Mailed check,85.25,5714.2,No,No
Male,0,No,No,22,Yes,Fiber optic,Month-to-month,Yes,Electronic check,79.35,1730.35,Yes,Yes
Male,0,Yes,Yes,64,Yes,Fiber optic,One year,No,Credit card (automatic),90.25,5629.15,No,No
Male,0,No,No,6,Yes,DSL,Two year,Yes,Mailed check,80.25,493.4,No,No
Male,0,No,No,21,Yes,Fiber optic,Month-to-month,Yes,Electronic check,73.7,1558.7,No,Yes
Female,0,Yes,No,68,Yes,Fiber optic,Two year,No,Bank transfer (automatic),114.9,7843.55,No,No
Male,0,No,No,1,Yes,Fiber optic,Month-to-month,Yes,Electronic check,69.9,69.9,Yes,Yes
Male,0,Yes,Yes,67,Yes,DSL,Two year,Yes,Bank transfer (automatic),54.2,3838.2,No,No
Female,0,No,No,5,Yes,Fiber optic,Month-to-month,Yes,Electronic check,82.75,417.75,No,Yes
Female,1,Yes,Yes,28,No,DSL,One year,Yes,Electronic check,39.1,1096.6,No,No
Male,0,No,No,11,Yes,Fiber optic,Month-to-month,No,Electronic check,72.9,818.45,No,Yes
Female,0,No,No,3,Yes,Fiber optic,Month-to-month,Yes,Bank transfer (automatic),69.55,222.3,Yes,Yes
Female,0,No,No,11,Yes,DSL,Month-to-month,Yes,Electronic check,64.9,716.1,No,No
Female,0,No,No,9,Yes,Fiber optic,Month-to-month,Yes,Electronic check,79.55,723.4,Yes,Yes
Male,0,No,Yes,10,Yes,No,One year,Yes,Bank transfer (automatic),19.95,219.5,No,No
Female,0,No,No,69,Yes,No,Two year,No,Credit card (automatic),24.6,1678.05,No,No
Female,1,No,No,20,Yes,Fiber optic,Month-to-month,Yes,Electronic check,79.15,1520.9,Yes,Yes
Female,0,Yes,Yes,39,Yes,Fiber optic,Month-to-month,Yes,Bank transfer (automatic),81.5,3107.3,No,No
Male,0,Yes,Yes,20,Yes,No,Two year,No,Mailed check,20.05,400.0,No,No
Female,0,No,No,20,Yes,No,Month-to-month,Yes,Bank transfer (automatic),19.5,413.0,No,No
Male,0,No,Yes,12,Yes,Fiber optic,Month-to-month,Yes,Credit card (automatic),73.75,871.4,Yes,No
Male,0,Yes,Yes,68,Yes,Fiber optic,One year,Yes,Bank transfer (automatic),85.5,5696.6,No,No
Female,0,No,No,3,Yes,DSL,Month-to-month,Yes,Electronic check,75.3,244.1,No,Yes
Male,0,Yes,Yes,54,No,DSL,Two year,No,Credit card (automatic),46.0,2424.05,No,No
Female,0,Yes,Yes,59,Yes,DSL,Two year,No,Credit card (automatic),90.3,5194.05,No,No
Male,0,Yes,No,48,Yes,No,Two year,No,Mailed check,19.25,855.1,No,No
Female,1,Yes,No,69,Yes,Fiber optic,Two year,No,Credit card (automatic),105.4,6998.95,No,No
Female,0,Yes,Yes,52,Yes,DSL,One year,Yes,Bank transfer (automatic),50.95,2610.65,No,No
Female,1,No,No,2,Yes,Fiber optic,Month-to-month,No,Mailed check,81.5,162.55,No,Yes
Female,0,No,No,7,Yes,Fiber optic,Month-to-month,No,Mailed check,75.45,480.75,Yes,Yes
Female,0,Yes,Yes,23,Yes,DSL,Two year,Yes,Credit card (automatic),91.1,2198.3,No,No
Male,1,No,No,34,Yes,Fiber optic,Month-to-month,No,Credit card (automatic),69.15,2275.1,No,No
Female,0,No,No,60,Yes,Fiber optic,Month-to-month,Yes,Electronic check,105.9,6396.45,Yes,No
Female,0,Yes,Yes,36,Yes,Fiber optic,Month-to-month,Yes,Bank transfer (automatic),97.35,3457.9,Yes,No
Male,1,Yes,No,53,Yes,Fiber optic,Month-to-month,Yes,Electronic check,103.85,5485.5,Yes,No
Male,1,No,No,20,Yes,Fiber optic,Month-to-month,Yes,Electronic check,98.55,1842.8,Yes,Yes
Female,0,No,No,36,No,DSL,Month-to-month,Yes,Bank transfer (automatic),34.85,1267.2,No,No
Male,0,No,No,10,Yes,DSL,Month-to-month,Yes,Bank transfer (automatic),56.75,503.25,No,No
Male,0,Yes,Yes,36,Yes,No,Two year,No,Credit card (automatic),25.1,930.95,No,No
Female,1,Yes,Yes,1,Yes,Fiber optic,Month-to-month,Yes,Electronic check,69.25,69.25,Yes,Yes
Male,0,Yes,No,20,Yes,No,One year,No,Mailed check,20.65,417.5,No,No
Female,0,No,No,1,Yes,Fiber optic,Month-to-month,Yes,Electronic check,69.2,69.2,Yes,Yes
Female,0,No,No,12,Yes,No,Month-to-month,No,Mailed check,20.1,223.6,No,No
Female,0,Yes,Yes,70,No,DSL,One year,Yes,Bank transfer (automatic),58.4,4113.15,No,No
Female,0,No,No,40,Yes,DSL,One year,Yes,Mailed check,80.75,3208.65,No,No
Male,0,No,No,69,Yes,DSL,Two year,No,Mailed check,90.65,6322.1,No,No
Male,0,No,No,31,Yes,Fiber optic,Month-to-month,Yes,Electronic check,81.15,2640.55,No,Yes
Female,0,No,No,1,No,DSL,Month-to-month,No,Bank transfer (automatic),29.95,29.95,Yes,No
Male,0,No,Yes,29,No,DSL,Month-to-month,Yes,Mailed check,45.0,1242.45,No,No
Female,0,No,No,41,Yes,Fiber optic,Month-to-month,Yes,Credit card (automatic),81.3,3190.65,No,No
Female,0,No,No,42,Yes,DSL,One year,No,Credit card (automatic),73.9,3160.55,Yes,No
Female,0,Yes,Yes,64,Yes,Fiber optic,Month-to-month,Yes,Bank transfer (automatic),86.8,5327.25,No,No
Female,0,Yes,Yes,1,Yes,No,Month-to-month,No,Electronic check,20.0,20.0,No,No
Male,0,Yes,No,72,Yes,DSL,Two year,Yes,Bank transfer (automatic),87.1,6230.1,No,No
Male,0,Yes,Yes,67,Yes,DSL,Two year,No,Credit card (automatic),81.35,5398.6,No,No
Female,0,No,No,23,Yes,Fiber optic,Month-to-month,No,Bank transfer (automatic),75.6,1758.6,Yes,No
Female,0,Yes,Yes,1,Yes,No,Month-to-month,Yes,Electronic check,21.0,21.0,Yes,No
Male,1,Yes,No,25,Yes,Fiber optic,One year,Yes,Electronic check,89.05,2177.45,Yes,No
Female,1,Yes,Yes,72,Yes,DSL,Two year,No,Credit card (automatic),92.45,6440.25,Yes,No
Female,0,Yes,No,42,Yes,DSL,Two year,No,Credit card (automatic),84.35,3571.6,No,No
Female,0,No,No,20,Yes,DSL,Month-to-month,Yes,Credit card (automatic),68.9,1370.35,No,No
Male,0,No,Yes,54,Yes,DSL,Month-to-month,Yes,Credit card (automatic),55.0,3092.65,Yes,No
Female,0,No,No,1,Yes,No,Month-to-month,No,Mailed check,20.4,20.4,Yes,No
Female,0,No,No,1,Yes,Fiber optic,Month-to-month,Yes,Credit card (automatic),85.55,85.55,Yes,Yes
Female,0,No,No,68,Yes,DSL,Two year,Yes,Electronic check,88.15,6148.45,No,No
Female,0,No,No,12,Yes,DSL,Month-to-month,Yes,Mailed check,61.65,713.75,Yes,No
Male,0,No,No,6,Yes,Fiber optic,Month-to-month,Yes,Electronic check,84.4,556.35,Yes,Yes
Male,0,No,No,26,Yes,Fiber optic,One year,No,Bank transfer (automatic),75.5,2018.1,No,No
Female,0,No,No,53,Yes,No,Two year,No,Credit card (automatic),19.85,1049.6,No,No
Male,1,Yes,No,27,Yes,Fiber optic,Month-to-month,Yes,Electronic check,75.5,1893.95,Yes,Yes
Female,0,No,No,3,Yes,Fiber optic,Month-to-month,Yes,Electronic check,74.95,212.4,No,Yes
Female,0,No,No,15,Yes,Fiber optic,Month-to-month,Yes,Credit card (automatic),94.0,1505.45,No,Yes
Male,0,No,No,27,Yes,No,One year,No,Mailed check,20.3,595.05,No,No
Female,0,No,No,23,Yes,DSL,One year,No,Bank transfer (automatic),55.8,1327.85,No,No
Male,0,Yes,Yes,15,Yes,No,One year,No,Mailed check,19.65,332.65,No,No
Female,0,No,No,47,Yes,Fiber optic,One year,No,Credit card (automatic),94.9,4615.25,No,No
Female,0,Yes,Yes,64,Yes,Fiber optic,Two year,No,Bank transfer (automatic),110.3,6997.3,No,No
Female,0,No,No,16,Yes,Fiber optic,Month-to-month,No,Electronic check,72.65,1194.3,Yes,Yes
Female,0,No,No,1,Yes,No,Month-to-month,No,Electronic check,19.75,19.75,No,No
Male,0,No,No,63,Yes,Fiber optic,Two year,No,Credit card (automatic),109.2,7049.75,No,No
Male,0,No,No,31,Yes,DSL,Month-to-month,Yes,Electronic check,55.25,1715.65,Yes,No
Male,0,No,No,23,Yes,No,One year,No,Mailed check,20.45,481.1,No,No
Female,0,Yes,No,46,Yes,DSL,Month-to-month,Yes,Credit card (automatic),69.1,3168.0,No,No
Female,0,No,No,48,Yes,DSL,One year,Yes,Credit card (automatic),60.35,2896.4,Yes,No
Male,0,Yes,No,72,Yes,Fiber optic,Two year,Yes,Electronic check,99.4,7285.7,No,No
Female,0,No,No,45,Yes,Fiber optic,Month-to-month,Yes,Credit card (automatic),89.3,4192.15,No,No
Male,1,Yes,Yes,60,Yes,Fiber optic,Month-to-month,Yes,Electronic check,93.25,5774.55,No,No
Female,0,Yes,No,66,Yes,Fiber optic,Month-to-month,Yes,Electronic check,105.2,6936.85,No,No
Female,0,Yes,Yes,51,Yes,Fiber optic,One year,Yes,Mailed check,95.15,5000.05,No,No
Female,1,Yes,No,56,Yes,Fiber optic,Month-to-month,Yes,Bank transfer (automatic),76.85,4275.75,No,No
Male,0,No,No,1,Yes,DSL,Month-to-month,Yes,Electronic check,59.85,59.85,Yes,Yes
Female,0,Yes,No,6,Yes,Fiber optic,Month-to-month,Yes,Electronic check,105.3,545.2,Yes,Yes
Male,1,Yes,No,63,No,DSL,One year,No,Bank transfer (automatic),36.1,2298.9,No,No
Male,0,Yes,No,61,Yes,DSL,Two year,No,Bank transfer (automatic),80.9,4932.5,No,No
Male,0,No,No,17,Yes,No,Two year,No,Credit card (automatic),19.45,369.05,No,No
Male,0,Yes,Yes,51,Yes,Fiber optic,One year,No,Credit card (automatic),110.05,5686.4,No,No
Male,0,No,No,24,Yes,DSL,Month-to-month,Yes,Bank transfer (automatic),55.65,1400.55,Yes,No
Male,0,No,No,22,Yes,No,One year,No,Mailed check,20.3,475.1,No,No
Male,0,No,No,53,Yes,DSL,Two year,Yes,Bank transfer (automatic),73.9,3958.25,No,No
Female,0,No,No,15,No,DSL,One year,No,Mailed check,45.9,693.45,No,No
Male,0,No,No,32,Yes,Fiber optic,Month-to-month,Yes,Credit card (automatic),108.15,3432.9,Yes,No
Female,0,Yes,No,65,Yes,DSL,Two year,No,Credit card (automatic),58.9,3857.1,No,No
Male,0,Yes,No,53,Yes,No,Two year,No,Credit card (automatic),19.9,1110.05,No,No
Female,0,Yes,Yes,6,Yes,DSL,Month-to-month,No,Credit card (automatic),55.9,365.35,Yes,No
Female,1,Yes,No,55,Yes,DSL,Month-to-month,No,Bank transfer (automatic),51.65,2838.55,No,No
Female,0,No,No,7,Yes,Fiber optic,Month-to-month,Yes,Mailed check,79.65,604.7,Yes,Yes
Female,0,No,No,41,Yes,DSL,One year,No,Bank transfer (automatic),50.05,2029.05,No,No
Male,0,Yes,No,3,Yes,No,Month-to-month,No,Bank transfer (automatic),20.0,49.65,No,No
Female,0,No,No,30,Yes,Fiber optic,Month-to-month,Yes,Electronic check,100.2,2983.8,Yes,Yes
Male,0,Yes,Yes,71,Yes,DSL,Two year,No,Credit card (automatic),89.9,6457.15,No,No
Male,0,No,No,15,Yes,DSL,Month-to-month,Yes,Electronic check,49.0,749.25,No,No
Female,0,Yes,Yes,45,Yes,No,One year,Yes,Credit card (automatic),25.9,1216.6,No,No
Male,0,Yes,No,1,Yes,Fiber optic,Month-to-month,Yes,Electronic check,69.15,69.15,Yes,Yes
Male,0,Yes,Yes,67,Yes,Fiber optic,Two year,Yes,Bank transfer (automatic),111.2,7530.8,No,No
Female,0,No,No,34,Yes,No,Month-to-month,No,Mailed check,20.35,673.2,No,No
Male,0,No,No,2,Yes,DSL,Month-to-month,No,Electronic check,70.3,132.4,No,No
Male,0,No,Yes,22,Yes,Fiber optic,Month-to-month,Yes,Credit card (automatic),89.1,1949.4,No,No
Female,0,Yes,Yes,5,Yes,Fiber optic,Month-to-month,No,Credit card (automatic),69.95,320.4,No,No
Male,0,No,No,11,Yes,No,Month-to-month,Yes,Credit card (automatic),20.45,237.3,No,No
Female,1,Yes,Yes,59,Yes,Fiber optic,Month-to-month,Yes,Credit card (automatic),88.75,5348.65,No,No
Female,0,No,No,72,Yes,DSL,Two year,Yes,Bank transfer (automatic),91.35,6697.2,No,No
Male,0,Yes,Yes,71,Yes,DSL,One year,Yes,Credit card (automatic),66.85,4748.7,No,No
Female,0,Yes,No,2,No,DSL,Month-to-month,Yes,Electronic check,35.1,68.75,Yes,Yes
Male,0,Yes,Yes,61,Yes,No,One year,No,Mailed check,20.4,1226.45,No,No
Female,0,No,No,59,Yes,Fiber optic,Two year,No,Electronic check,95.8,5655.45,No,No
Male,0,No,No,1,Yes,DSL,Month-to-month,Yes,Mailed check,45.85,45.85,Yes,No
Female,0,No,No,1,Yes,No,Month-to-month,No,Electronic check,19.3,19.3,Yes,No
Female,0,Yes,No,52,Yes,Fiber optic,Month-to-month,Yes,Credit card (automatic),102.7,5138.1,No,No
Male,0,No,No,53,Yes,No,Two year,No,Credit card (automatic),19.5,1050.5,No,No
Female,0,Yes,No,49,No,DSL,One year,Yes,Credit card (automatic),56.3,2780.6,No,No
Male,0,Yes,No,67,Yes,DSL,Two year,Yes,Credit card (automatic),69.2,4671.65,No,No
Female,0,No,No,55,Yes,Fiber optic,Month-to-month,Yes,Electronic check,81.55,4509.5,No,No
Male,0,Yes,Yes,35,Yes,No,Two year,No,Mailed check,19.6,686.95,No,No
Male,0,Yes,Yes,47,No,DSL,One year,No,Electronic check,40.3,1794.8,No,No
Male,0,Yes,Yes,47,Yes,No,Two year,No,Mailed check,24.55,1160.45,No,No
Female,0,Yes,No,8,Yes,DSL,Two year,No,Mailed check,65.5,564.35,No,No
Female,0,No,No,13,Yes,No,Month-to-month,No,Credit card (automatic),19.45,232.1,No,No
Female,0,Yes,No,64,Yes,Fiber optic,Two year,Yes,Credit card (automatic),94.6,5948.7,No,No
Female,0,No,No,11,Yes,DSL,One year,No,Bank transfer (automatic),53.8,651.55,No,No
Male,0,Yes,Yes,44,Yes,DSL,Month-to-month,Yes,Mailed check,61.9,2924.05,No,No
Male,0,Yes,Yes,63,Yes,Fiber optic,Month-to-month,Yes,Credit card (automatic),80.3,4896.35,No,No
Female,1,Yes,No,55,Yes,Fiber optic,Month-to-month,No,Electronic check,90.45,5044.8,No,No
Female,0,No,No,37,Yes,Fiber optic,Month-to-month,Yes,Electronic check,100.05,3810.55,No,Yes
Female,0,No,No,20,Yes,Fiber optic,Month-to-month,Yes,Bank transfer (automatic),89.4,1871.15,No,Yes
Female,0,No,No,6,No,DSL,Month-to-month,No,Credit card (automatic),50.95,307.6,No,No
Female,0,Yes,No,20,Yes,Fiber optic,Month-to-month,Yes,Electronic check,96.55,1901.65,No,Yes
Male,0,No,No,6,Yes,DSL,Month-to-month,No,Electronic check,59.45,357.6,No,No
Male,0,No,No,3,No,DSL,Month-to-month,Yes,Mailed check,40.15,130.75,Yes,Yes
Male,0,No,No,12,Yes,Fiber optic,Month-to-month,No,Bank transfer (automatic),81.7,858.6,Yes,No
Male,0,No,No,45,Yes,No,One year,Yes,Electronic check,20.4,930.45,Yes,No
Female,0,Yes,Yes,5,Yes,Fiber optic,Month-to-month,Yes,Electronic check,80.85,356.1,No,Yes
Female,0,Yes,Yes,72,Yes,Fiber optic,Two year,Yes,Bank transfer (automatic),118.75,8672.45,No,No
Female,0,No,No,24,Yes,No,One year,No,Credit card (automatic),20.45,527.35,No,No
Male,1,No,No,25,Yes,Fiber optic,Month-to-month,Yes,Electronic check,89.5,2196.15,Yes,Yes
Male,0,Yes,Yes,58,Yes,Fiber optic,One year,Yes,Credit card (automatic),94.7,5430.35,No,No
Female,0,No,No,7,Yes,No,One year,No,Mailed check,19.9,173.15,No,No
Male,0,No,No,28,Yes,No,One year,No,Credit card (automatic),18.25,534.7,No,No
Female,1,No,No,15,Yes,Fiber optic,Month-to-month,No,Electronic check,89.85,1424.95,Yes,Yes
Female,0,No,No,2,Yes,DSL,Month-to-month,No,Mailed check,54.15,101.65,No,No
Male,0,Yes,No,60,Yes,Fiber optic,One year,Yes,Electronic check,94.4,5610.25,Yes,No
Male,0,Yes,Yes,67,Yes,DSL,Two year,Yes,Bank transfer (automatic),60.4,3953.7,No,No
Female,0,No,Yes,5,Yes,DSL,Month-to-month,No,Mailed check,46.0,221.7,Yes,No
Male,0,Yes,No,44,Yes,Fiber optic,Month-to-month,Yes,Credit card (automatic),84.8,3626.35,No,No
Male,0,No,No,1,Yes,DSL,Month-to-month,Yes,Mailed check,44.15,44.15,Yes,No
Female,0,No,No,3,No,DSL,Month-to-month,No,Credit card (automatic),35.2,108.95,Yes,No
Female,0,No,No,6,Yes,Fiber optic,Month-to-month,Yes,Mailed check,73.85,401.3,No,Yes
Male,0,Yes,No,61,Yes,Fiber optic,Month-to-month,Yes,Electronic check,114.1,7132.15,No,No
Male,0,No,No,19,No,DSL,Month-to-month,Yes,Electronic check,39.65,733.35,Yes,No
Male,0,No,No,24,No,DSL,One year,Yes,Mailed check,50.6,1288.75,No,No
Female,0,No,No,68,No,DSL,Two year,No,Mailed check,38.9,2719.2,No,No
Male,0,Yes,No,1,Yes,Fiber optic,Month-to-month,No,Electronic check,76.2,76.2,Yes,Yes
Female,0,Yes,No,4,Yes,No,Month-to-month,No,Mailed check,19.6,93.45,No,No
Male,0,No,No,10,No,DSL,Month-to-month,Yes,Mailed check,33.9,298.45,Yes,No
Female,0,Yes,No,65,Yes,DSL,Two year,Yes,Credit card (automatic),59.8,3808.2,No,No
Male,0,No,No,1,Yes,No,Month-to-month,Yes,Mailed check,25.0,25.0,No,No
Female,0,Yes,No,55,Yes,Fiber optic,Month-to-month,Yes,Bank transfer (automatic),89.8,4959.6,No,No
Male,0,No,Yes,61,Yes,No,Two year,No,Mailed check,19.75,1124.2,No,No
Male,0,No,No,10,Yes,Fiber optic,Month-to-month,Yes,Electronic check,94.9,1048.85,Yes,Yes
Female,0,No,Yes,26,No,DSL,Month-to-month,No,Mailed check,45.8,1147.0,No,No
Male,0,Yes,Yes,27,Yes,Fiber optic,Month-to-month,Yes,Bank transfer (automatic),75.75,1929.0,No,No
Female,0,No,Yes,50,Yes,Fiber optic,Two year,No,Credit card (automatic),70.35,3533.6,No,No
Male,0,Yes,Yes,26,Yes,Fiber optic,One year,No,Bank transfer (automatic),78.95,2034.25,No,No
Female,0,No,No,17,Yes,No,Two year,No,Mailed check,19.4,358.05,No,No
Male,1,No,No,52,No,DSL,Month-to-month,Yes,Credit card (automatic),48.8,2555.05,No,No
Female,0,Yes,No,21,Yes,Fiber optic,Month-to-month,Yes,Electronic check,86.5,1808.7,Yes,Yes
Male,0,No,No,38,Yes,DSL,One year,Yes,Mailed check,62.3,2354.8,Yes,No
Male,1,Yes,Yes,58,Yes,Fiber optic,One year,Yes,Bank transfer (automatic),89.85,5125.75,No,No
Male,1,Yes,No,49,Yes,DSL,Two year,No,Mailed check,49.8,2398.4,No,No
Female,0,No,No,48,No,DSL,Month-to-month,Yes,Electronic check,44.8,2104.55,No,No
Male,0,Yes,No,66,Yes,Fiber optic,One year,No,Electronic check,95.3,6273.4,No,No
Female,0,Yes,No,46,Yes,DSL,One year,No,Mailed check,70.6,3231.05,No,No
Female,1,No,No,57,Yes,DSL,Two year,No,Bank transfer (automatic),69.85,4003.0,No,No
Female,0,Yes,Yes,9,Yes,No,Two year,No,Mailed check,20.35,191.1,No,No
Male,1,No,No,64,Yes,No,Two year,Yes,Bank transfer (automatic),20.05,1198.05,No,No
Female,0,No,No,16,No,DSL,Month-to-month,Yes,Electronic check,38.9,664.4,No,No
Female,0,No,No,23,Yes,No,Month-to-month,Yes,Mailed check,19.5,470.2,No,No
Female,0,No,No,47,Yes,Fiber optic,One year,Yes,Electronic check,103.7,4730.6,No,No
Female,0,No,No,3,No,DSL,Month-to-month,No,Electronic check,25.25,58.9,Yes,Yes
Male,0,Yes,Yes,1,Yes,Fiber optic,Month-to-month,No,Electronic check,80.0,80.0,Yes,Yes
Female,0,No,No,47,Yes,Fiber optic,Month-to-month,Yes,Electronic check,106.35,4849.1,No,No
Male,0,No,No,18,Yes,Fiber optic,Month-to-month,No,Mailed check,74.15,1387.0,No,No
Male,0,No,No,14,No,DSL,Month-to-month,Yes,Electronic check,50.75,712.75,Yes,Yes
Female,1,Yes,No,27,Yes,Fiber optic,Month-to-month,Yes,Electronic check,101.25,2754.45,Yes,Yes
Female,0,No,Yes,34,Yes,DSL,Two year,No,Credit card (automatic),67.65,2339.3,No,No
Female,0,No,No,18,Yes,Fiber optic,Month-to-month,Yes,Electronic check,96.05,1740.7,Yes,Yes
Female,1,No,No,16,Yes,Fiber optic,Month-to-month,Yes,Electronic check,96.4,1581.2,Yes,Yes
Male,0,Yes,Yes,72,Yes,DSL,Two year,No,Credit card (automatic),89.85,6562.9,No,No
Male,0,No,No,6,No,DSL,Month-to-month,Yes,Credit card (automatic),30.5,208.7,Yes,No
Female,0,No,No,70,Yes,DSL,Two year,No,Credit card (automatic),89.75,6367.2,No,No
Female,1,Yes,No,65,Yes,Fiber optic,Month-to-month,Yes,Bank transfer (automatic),108.8,7082.45,No,No
Female,0,No,No,2,No,DSL,Month-to-month,No,Electronic check,51.4,96.8,No,Yes
Female,1,Yes,No,65,Yes,Fiber optic,One year,Yes,Electronic check,106.25,6979.8,Yes,No
Male,0,No,No,72,Yes,No,Two year,No,Bank transfer (automatic),24.75,1777.6,No,No
Male,0,No,No,59,Yes,Fiber optic,Month-to-month,Yes,Electronic check,111.35,6519.75,No,No
Female,1,Yes,No,45,Yes,Fiber optic,Month-to-month,Yes,Electronic check,86.1,3861.45,No,No
Male,1,Yes,No,1,No,DSL,Month-to-month,No,Electronic check,25.05,25.05,Yes,Yes
Male,0,Yes,Yes,70,Yes,Fiber optic,Month-to-month,Yes,Credit card (automatic),97.55,6669.05,No,No
Female,0,No,No,1,No,DSL,Month-to-month,No,Electronic check,24.6,24.6,Yes,Yes
Male,0,No,No,1,Yes,Fiber optic,Month-to-month,Yes,Electronic check,69.1,69.1,Yes,Yes
Male,1,Yes,No,7,Yes,Fiber optic,Month-to-month,Yes,Mailed check,74.4,527.9,Yes,Yes
Male,1,No,No,4,Yes,Fiber optic,Month-to-month,No,Electronic check,69.35,261.65,No,Yes
Male,0,Yes,Yes,71,Yes,DSL,Two year,No,Electronic check,90.4,6668.05,No,No
Female,0,No,No,8,Yes,DSL,Month-to-month,Yes,Electronic check,60.0,487.75,No,No
Female,0,Yes,No,6,Yes,DSL,Month-to-month,No,Mailed check,45.65,323.45,No,No
Male,0,No,Yes,40,Yes,DSL,Month-to-month,Yes,Mailed check,55.25,2139.2,Yes,No
Female,0,No,No,29,Yes,Fiber optic,Month-to-month,Yes,Electronic check,78.9,2384.15,Yes,Yes
Female,0,Yes,Yes,56,Yes,DSL,One year,No,Bank transfer (automatic),65.2,3512.15,No,No
Female,0,Yes,No,42,Yes,Fiber optic,Month-to-month,Yes,Credit card (automatic),85.9,3729.75,No,No
Male,0,No,No,15,Yes,No,Month-to-month,Yes,Mailed check,19.8,309.4,No,No
Female,0,No,No,49,Yes,DSL,Two year,Yes,Bank transfer (automatic),74.45,3721.9,No,No
Male,0,No,No,31,No,DSL,One year,Yes,Electronic check,50.05,1523.4,No,No
Male,0,No,No,43,Yes,Fiber optic,Month-to-month,Yes,Credit card (automatic),75.35,3161.4,No,No
Female,0,Yes,No,60,Yes,Fiber optic,Two year,Yes,Electronic check,97.2,5611.75,No,No
Female,0,Yes,Yes,12,No,DSL,One year,No,Credit card (automatic),30.25,368.85,No,No
Female,0,No,No,35,Yes,DSL,One year,Yes,Credit card (automatic),85.95,3110.1,Yes,No
Female,0,No,No,13,Yes,Fiber optic,Month-to-month,No,Electronic check,89.4,1132.35,Yes,Yes
